-6.030448058150397195e-01,-1.533295291684770412e+00
-8.019592126376871022e-01,-1.989144068226475603e+00
-8.824981223630787852e-01,-8.053890972539168303e-01
-8.640017207543864153e-01,1.849640160869210348e-01
-7.354146328512118913e-01,1.285870879031743463e+00
-5.576750072558365190e-01,1.777396255953759940e+00
-5.233678390779132883e-01,3.430716817792296425e-01
-5.632024235335224560e-01,-3.983458445560890127e-01
-5.891000846096066113e-01,-2.589766107608433288e-01
-6.737711425911845353e-01,-8.467105798157774643e-01
-8.154927892520476007e-01,-1.417216466608628878e+00
-8.468518249151983923e-01,-3.135903566315114688e-01
-8.333732173345609340e-01,1.347860758063816888e-01
-7.550736735242189468e-01,7.829954381034038846e-01
-6.539361683747983989e-01,1.011375051494211696e+00
-5.363001470275747806e-01,6.539361683747986653e+00
6.071795225143361563e-02,6.071795225143438168e-01
9.282700028736812214e-02,3.210904803593319645e-01
1.053873557597579946e-01,1.256035547239003902e-01
1.622733640513605025e-01,5.688600829160355143e-01
1.494188819842019456e-01,-1.285448206715902320e-01
1.789920200004662121e-01,2.957313801626368921e-01
3.247360489452475463e-01,1.457440289447815784e+00
5.167765683931975218e-01,1.920405194479502864e+00
6.656789967401728347e-01,1.489024283469760235e+00
7.567786378394139035e-01,9.109964109924089115e-01
8.480184744831227306e-01,9.123983664370882707e-01
7.365037189541769891e-01,-1.115147555289466297e+00
5.599363621472202013e-01,-1.765673568069563437e+00
4.153128041137783555e-01,-1.446235580334424675e+00
3.076277386339087982e-01,-1.076850654798692020e+00
2.024131899857755101e-01,-1.052145486481335546e+00
1.721459658938497839e-01,-3.026722409192581509e-01
1.074677426641352795e-01,-6.467822322971423787e-01
1.169343208775277532e-01,9.466578213392429220e-02
2.105287725442108737e-01,9.359445166668329819e-01
2.070546671841064779e-01,-3.474105360104484674e-02
3.474076577848013159e-01,1.403529906006945271e+00
4.743313051649682421e-01,1.269236473801670151e+00
5.536978048766849625e-01,7.936649971171734208e-01
7.218816436320816265e-01,1.681838387553963976e+00
7.217709732264756539e-01,-1.106704056059726327e-03
6.626562847706178871e-01,-5.911468845585785559e-01
5.572472756547448558e-01,-1.054090091158730758e+00
3.700445194242767410e-01,-1.872027562304681148e+00
2.599648200949740140e-01,-1.100796993293027271e+00
1.404413149035774744e-01,-1.195235051913964730e+00
-2.793303034632543813e-03,-1.432346179382100182e+00
-1.654599028513707992e-01,-1.626665998167381888e+00
-2.521324478660098567e-01,-8.667254501463901306e-01
-4.115493421249143413e-01,-1.594168942589045734e+00
-4.954686275386428473e-01,-8.391928541372841721e-01
-6.852233900311617276e-01,-1.897547624925187471e+00
-7.006127794379688467e-01,-1.538938940680747436e-01
-5.682976717054017968e-01,1.323151077325669611e+00
-4.173934742366744999e-01,1.509041974687272969e+00
-2.761923878990897308e-01,1.412010863375850356e+00
-1.762951226881064315e-01,9.989726521098323264e-01
-1.022402795464367742e-01,7.405484314166987936e-01
7.354739678784838475e-02,1.757876763342849813e+00
1.621360101931363928e-01,8.858861340528760842e-01
3.028804920325622874e-01,1.407444818394257835e+00
5.117254153064427769e-01,2.088449232738807559e+00
6.100128222914698028e-01,9.828740698502693718e-01
7.132153583837399502e-01,1.032025360922703250e+00
7.195041819074203815e-01,6.288823523680520111e-02
6.018817104163489695e-01,-1.176224714910715008e+00
4.541521620937192250e-01,-1.477295483226297002e+00
2.595395324204541332e-01,-1.946126296732651362e+00
2.229927144488611512e-01,-3.654681797159287093e-01
1.565927677054200773e-01,-6.639994674344107395e-01
7.270086526257746318e-02,-8.389190244284265852e-01
7.755085343574952272e-02,4.849988173172081751e-02
2.310569810500759380e-02,-5.444515533074192337e-01
-5.373015362766841996e-02,-7.683585173267601931e-01
-8.928528502895169416e-02,-3.555513140128325755e-01
-1.552932143793552822e-01,-6.600792935040356024e-01
-2.234940601806651994e-01,-6.820084580130991725e-01
-3.783204638586610269e-01,-1.548264036779957387e+00
-5.019840346889958838e-01,-1.236635708303349013e+00
-6.777586164961637571e-01,-1.757745818071680510e+00
-7.215579590905369933e-01,-4.379934259437305855e-01
-7.454680499577457375e-01,-2.391009086720883303e-01
-6.037929043984524569e-01,1.416751455592931030e+00
-5.374443536371442676e-01,6.634855076130845575e-01
-3.840776576087128191e-01,1.533666960284312708e+00
-2.910523658591257501e-01,9.302529174958702463e-01
-2.168297567457759811e-01,7.422260911335016864e-01
-2.066479123651747685e-01,1.018184438060090180e-01
-1.697242343480622750e-01,3.692367801711213815e-01
-1.021764145126775603e-01,6.754781983538533652e-01
-2.821442633658666210e-02,7.396198817609062059e-01
4.304004110609849221e-02,7.125446744268510990e-01
1.278018630047510484e-01,8.476182189865298922e-01
1.937641948848245477e-01,6.596233188007334380e-01
2.580564192645011801e-01,6.429222437967667680e-01
3.464893683377541223e-01,8.843294907325280896e-01
4.769318111959748308e-01,1.304424428582208861e+00
5.704760664080437138e-01,9.354425521206835015e-01
7.465334914344823325e-01,1.760574250264389740e+00
7.921758245589174408e-01,4.564233312443501944e-01
7.147358649939228314e-01,-7.743995956499452049e-01
5.879806616584728474e-01,-1.267552033354500729e+00
4.158208813150192640e-01,-1.721597803434536722e+00
2.492399066009214348e-01,-1.665809747140976960e+00
1.396015089732526304e-01,-1.096383976276688932e+00
1.551034444445920091e-02,-1.240911645287933629e+00
-7.024934140102412350e-02,-8.575968584548331330e-01
-1.723039553912051325e-01,-1.020546139901810534e+00
-2.974796206449101810e-01,-1.251756652537051373e+00
-3.843547452592368519e-01,-8.687512461432649324e-01
-4.683188823603836592e-01,-8.396413710114676299e-01
-6.302622648449891507e-01,-1.619433824846054470e+00
-6.361924752426393326e-01,-5.930210397650181875e-02
-6.204254570950897829e-01,1.576701814754928321e-01
-5.345505593622221774e-01,8.587489773286778316e-01
-4.590215801499271109e-01,7.552897921229533296e-01
-3.135290056754733712e-01,1.454925744744533844e+00
-1.239395425934892714e-01,1.895894630819840776e+00
-6.685166891023897051e-02,5.708787368325032308e-01
-3.880630196002599064e-03,6.297103871423671562e-01
1.070276720816369931e-01,1.109083022776396366e+00
2.260624854402424333e-01,1.190348133586045964e+00
4.030892487301560578e-01,1.770267632899140686e+00
5.200878491876110843e-01,1.169986004574546712e+00
6.732287135735051109e-01,1.531408643858941154e+00
7.680937970753860533e-01,9.486508350188103122e-01
6.863158947816212496e-01,-8.177790229376462605e-01
5.334313031003445893e-01,-1.528845916812767491e+00
3.935193302901214274e-01,-1.399119728102230731e+00
3.354399387175832636e-01,-5.807939157253820817e-01
1.853827946518109560e-01,-1.500571440657722189e+00
1.814131390016548995e-01,-3.969655650156123095e-02
7.921824426069457026e-02,-1.021948947409603070e+00
-2.676377330136059385e-02,-1.059820175620551419e+00
2.268713795187615734e-03,2.903248709654818183e-01
-9.956429237165786983e-02,-1.018330061668454523e+00
-1.303123948406589849e-01,-3.074810246900119282e-01
-1.409540586994127986e-01,-1.064166385875371379e-01
-3.011616610901567404e-01,-1.602076023907440083e+00
-3.857541578368464119e-01,-8.459249674668969377e-01
-5.010578897715436408e-01,-1.153037319346972289e+00
-6.405924067791426424e-01,-1.395345170075989572e+00
-7.453863429694309595e-01,-1.047939361902883171e+00
-7.872432510553930562e-01,-4.185690808596200796e-01
-6.856534478475069250e-01,1.015898032078863089e+00
-6.015243733253736735e-01,8.412907452213351789e-01
-5.226644412650509608e-01,7.885993206032217984e-01
-4.245066584636134621e-01,9.815778280143767631e-01
-3.492665270773649411e-01,7.524013138624821018e-01
-3.625177514849609040e-01,-1.325122440759547437e-01
-3.857883430335649066e-01,-2.327059154860418033e-01
-5.558969029507068171e-01,-1.701085599171419105e+00
-7.233074197595366073e-01,-1.674105168088292572e+00
-8.543257842361988708e-01,-1.310183644766626188e+00
-7.745942787302997345e-01,7.973150550589958030e-01
-7.178961344674696932e-01,5.669814426282941966e-01
-6.269411967324565182e-01,9.095493773501264201e-01
-4.306093765008061069e-01,1.963318202316506778e+00
-3.311516778350824808e-01,9.945769866572353735e-01
-2.139446732940513130e-01,3.311516778350826584e+00
2.787403643131192155e-02,2.787403643131261544e-01
2.988230154106830128e-02,2.008265109756479649e-02
6.926350016573934454e-03,-2.295595152449527721e-01
8.105404891093037634e-02,7.412769889435697479e-01
1.370340139586385675e-01,5.597996504770763604e-01
1.184036216883335157e-01,-1.863039227030423017e-01
1.541157368090839697e-01,3.571211512074887739e-01
2.726400926412715364e-01,1.185243558321876112e+00
4.129093826059690997e-01,1.402692899646980518e+00
5.062439486847232217e-01,9.333456607875403321e-01
6.505356232469967637e-01,1.442916745622746966e+00
7.246769658867080466e-01,7.414134263971119410e-01
7.886490021965943953e-01,6.397203630988546053e-01
6.190987354653110231e-01,-1.695502667312836387e+00
5.204692609939902681e-01,-9.862947447132013323e-01
3.439299156144066671e-01,-1.765393453795838230e+00
2.172768559369115948e-01,-1.266530596774950723e+00
1.228803551833470564e-01,-9.439650075356444958e-01
-3.565244268038725295e-03,-1.264455994513855375e+00
-1.353030782981603508e-01,-1.317378340301220252e+00
-2.522336853921691713e-01,-1.169306070940082654e+00
-3.634669546972206788e-01,-1.112332693050521737e+00
-5.402225599677130674e-01,-1.767556052704928771e+00
-6.412040762842909913e-01,-1.009815163165763252e+00
-7.014653644451396275e-01,-6.026128816084952433e-01
-7.019148062230229357e-01,-4.494417778829529198e-03
-5.713096654513272199e-01,1.306051407716950941e+00
-3.862348685873921994e-01,1.850747968639361751e+00
-1.873160825950854758e-01,1.989187859923063684e+00
-8.782042748842933122e-02,9.949565510665583368e-01
4.828305106991415130e-02,1.361034785583440154e+00
2.130114818365136387e-01,1.647284307665985548e+00
4.171497668254371405e-01,2.041382849889233242e+00
6.176650128277536567e-01,2.005152460023171379e+00
6.495082315436402354e-01,3.184321871588640107e-01
6.659354212323105315e-01,1.642718968867047380e-01
5.051301654456281653e-01,-1.608052557866817445e+00
4.025163914423588452e-01,-1.026137740032702972e+00
2.733717028713087416e-01,-1.291446885710495707e+00
-3.573236301751574473e-01,1.645170726423423879e+00
-1.854145425277309300e-01,1.719090876474272722e+00
-4.356034870443714624e-02,1.418541938232937172e+00
5.043484953548116323e-03,4.860383365798537358e-01
1.316965868629766945e-01,1.266531019094281341e+00
1.717290358000669315e-01,4.003244893709048124e-01
3.564399196501950584e-01,1.847108838501279715e+00
4.565113698450025126e-01,1.000714501948080759e+00
6.668935118371486226e-01,2.103821419921451330e+00
7.335081479513672065e-01,6.661463611421858388e-01
7.703720285432194004e-01,3.686388059185254917e-01
7.182375812816488292e-01,-5.213444726157003828e-01
6.114714873214524005e-01,-1.067660939601969616e+00
5.058520334276828123e-01,-1.056194538937689664e+00
4.228269822764598729e-01,-8.302505115122356116e-01
7.009092181736065186e-02,-4.228269822764598729e+00
-6.437944650649995992e-02,-6.437944650650033740e-01
-5.881167549600263555e-02,5.567771010498179240e-02
-2.631239000911556047e-02,3.249928548688689744e-01
-3.227292868793085745e-03,2.308509714032156435e-01
-5.018188089119313133e-02,-4.695458802239903529e-01
-1.002804142277540222e-01,-5.009853333656217877e-01
-7.492690055474326982e-02,2.535351367301239556e-01
-1.566942176234888962e-01,-8.176731706874662553e-01
-2.126610145198153390e-01,-5.596679689632602095e-01
-3.411764291841770103e-01,-1.285154146643612272e+00
-4.443683330958734246e-01,-1.031919039116970360e+00
-5.246210530335417843e-01,-8.025271993766773804e-01
-6.652678078443088339e-01,-1.406467548107683818e+00
-7.446441574873841063e-01,-7.937634964307465069e-01
-6.710098702011517702e-01,7.363428728623224728e-01
-6.045394995884922906e-01,6.647037061266019009e-01
-5.135747578806997282e-01,9.096474170779167423e-01
-3.674888337441206687e-01,1.460859241365794148e+00
-2.719962194042606640e-01,9.549261433985991587e-01
-2.250127543589757195e-01,4.698346504528472245e-01
-1.927415231241065285e-01,3.227123123486954626e-01
-1.822048674430050141e-01,1.053665568110182527e-01
-2.630499202865355102e-01,-8.084505284353125099e-01
-3.187047214751128621e-01,-5.565480118857739633e-01
-4.685726847337710055e-01,-1.498679632586579658e+00
-6.401337830299729248e-01,-1.715610982962018305e+00
-7.593074140145419371e-01,-1.191736309845686570e+00
-8.860476617313821635e-01,-1.267402477168404040e+00
-8.894801248732229215e-01,-3.432463141840713661e-02
-6.992683161278154813e-01,1.902118087454073958e+00
-5.394105428084901011e-01,1.598577733193254247e+00
-4.018932398707874554e-01,1.375173029377026346e+00
-3.626258151083114334e-01,3.926742476247602198e-01
-3.822989887474909088e-01,-1.967317363917953088e-01
-4.259431240093913829e-01,-4.364413526190045189e-01
-5.208124100436455350e-01,-9.486928603425415218e-01
-6.737327170252067621e-01,-1.529203069815610938e+00
-8.660054657055580307e-01,-1.922727486803512242e+00
-8.155899963988315626e-01,5.041546930672620164e-01
-7.623350449315560162e-01,5.325495146727599050e-01
-6.351182208367474047e-01,1.272168240948080786e+00
-5.523824757992787937e-01,8.273574503746843334e-01
-4.695083202013270451e-01,8.287415559795201503e-01
-4.366020017418623667e-01,3.290631845946503375e-01
-4.848738700258312662e-01,-4.827186828396881069e-01
-6.362540927078521591e-01,-1.513802226820208041e+00
-7.263526507955546663e-01,-9.009855808770250718e-01
-9.143842676109397161e-01,-1.880316168153854939e+00
-9.280350859002286512e-01,-1.365081828928822461e-01
-8.241875459470371368e-01,1.038475399531913368e+00
-6.008713061228707630e-01,2.233162398241661073e+00
-5.597860134386447584e-01,4.108529268422502767e-01
-1.930520675810427633e-01,5.597860134386454689e+00
0.000000000000000000e+00,0.000000000000000000e+00
5.234200000762889715e-02,5.234200000762945226e-01
1.293118094534619900e-01,7.696980944583311501e-01
2.176010205573906120e-01,8.828921110392804472e-01
3.414805609890265714e-01,1.238795404316367588e+00
4.166638086571836652e-01,7.518324766815638327e-01
5.940967500314311422e-01,1.774329413742478323e+00
7.150786755920535143e-01,1.209819255606222832e+00
7.963300894786993211e-01,8.125141388664589570e-01
8.186061438457290507e-01,2.227605436702964070e-01
7.278765014704351444e-01,-9.072964237529452802e-01
6.288697033865453534e-01,-9.900679808388943570e-01
4.598608533302170898e-01,-1.690088500563287077e+00
4.051180605546864655e-01,-5.474279277553035783e-01
3.573027891237794407e-01,-4.781527143090693599e-01
4.699513368828762694e-01,1.126485477590970063e+00
5.538647685797402076e-01,8.391343169686358294e-01
7.307973817776538539e-01,1.769326131979139127e+00
8.665647000679026490e-01,1.357673182902488840e+00
9.357367478741696054e-01,6.917204780626686755e-01
8.343933372845522278e-01,-1.013434105896175552e+00
6.866899836823606718e-01,-1.477033536021915339e+00
5.897247744968391325e-01,-9.696520918552149482e-01
5.173624747396842194e-01,-7.236229975715486873e-01
5.344051304680709213e-01,1.704265572838670195e-01
6.043993300207133323e-01,6.999419955264229998e-01
7.551179388733906261e-01,1.507186088526776047e+00
8.564179108624658809e-01,1.012999719890752104e+00
8.406496950581043848e-01,-1.576821580436149617e-01
8.085651255960426553e-01,-3.208456946206155180e-01
7.069703805206692948e-01,-1.015947450753734493e+00
5.255113965757534089e-01,-1.814589839449158859e+00
4.449952106977317356e-01,-8.051618587802149563e-01
4.138534905818502807e-01,-3.114172011588145494e-01
5.396632216965269180e-01,1.258097311146763708e+00
7.001455929312818682e-01,1.604823712347549503e+00
8.810391483324000461e-01,1.808935554011187108e+00
9.293455506511101305e-01,4.830640231870848567e-01
8.213577979395108031e-01,-1.079877527115984392e+00
6.239617879999581618e-01,-1.973960099395522860e+00
5.441755300995776423e-01,-7.978625790038060828e-01
4.365477707528349072e-01,-1.076277593467437121e+00
3.199949471963048353e-01,-4.365477707528341966e+00
-7.393801689148027378e-02,-7.393801689147958545e-01
-2.935960170995421947e-02,4.457841518152506066e-01
2.738815721525433844e-02,5.674775892520801390e-01
-5.415558733799485935e-02,-8.154374455324915338e-01
-1.031532011410707383e-01,-4.899761380307472436e-01
-1.788147270686426538e-01,-7.566152592757300344e-01
-1.874949773865477454e-01,-8.680250317904425472e-02
-2.441947451334378627e-01,-5.669976774689049481e-01
-3.232983054977829340e-01,-7.910356036434529337e-01
-4.492079786121063734e-01,-1.259096731143230397e+00
-5.718639560346261419e-01,-1.226559774225202126e+00
-7.080045356026385406e-01,-1.361405795680110664e+00
-7.849061259288703241e-01,-7.690159032623196111e-01
-6.338725649551157915e-01,1.510335609737536444e+00
-4.851300601796850742e-01,1.487425047754313390e+00
-2.745141828815551577e-01,2.106158772981295613e+00
-1.336361355732744727e-01,1.408780473082805518e+00
-2.818989152479556282e-02,1.054462440484795982e+00
5.821143920935600846e-02,8.640133073415077192e-01
1.642071188683926763e-01,1.059956796590367789e+00
2.713948414090729955e-01,1.071877225406810297e+00
4.397876243871339241e-01,1.683927829780612395e+00
5.085201153806888641e-01,6.873249099355431824e-01
6.616428303416732604e-01,1.531227149609851956e+00
6.548411291467957085e-01,-6.801701194878084777e-02
4.876732523887667980e-01,-1.671678767580285552e+00
3.277595318748236508e-01,-1.599137205139444795e+00
1.140668402402305048e-01,-2.136926916345932792e+00
-3.708297576907781945e-02,-1.511498160093076804e+00
-1.563121485776317598e-01,-1.192291728085544955e+00
-2.879586694972058325e-01,-1.316465209195730512e+00
-4.955081508111458533e-01,-2.075494813139412642e+00
-6.542272439009018115e-01,-1.587190930897556918e+00
-7.031117844032124253e-01,-4.888454050230990333e-01
-6.377861077764634956e-01,6.532567662674830800e-01
-4.456829254501188942e-01,1.921031823263454896e+00
-3.272231686172855092e-01,1.184597568328326744e+00
-1.665119062358701996e-01,1.607112623814157537e+00
-4.250835903919192305e-02,1.240035471966783875e+00
9.418519043604867136e-02,1.366935494752406832e+00
1.545290010664075453e-01,6.034381063035865189e-01
3.338929096068898872e-01,1.793639085404819644e+00
5.131231979581247771e-01,1.792302883512344902e+00
6.375127277248893165e-01,1.243895297667657829e+00
7.650871606171225636e-01,1.275744328922318260e+00
6.977236575831327059e-01,-6.736350303398870309e-01
6.426410139669229693e-01,-5.508264361621062477e-01
5.402198760752519036e-01,-1.024211378916709769e+00
4.239396450172243647e-01,-1.162802310580265619e+00
2.538747871600737227e-01,-1.700648578571514413e+00
1.225809379306195268e-01,-1.312938492294532411e+00
8.027469617405458280e-02,-4.230624175656578778e-01
4.906472799432926024e-02,-3.120996817972561121e-01
9.042404704926987336e-02,4.135931905494087957e-01
6.176427332506584378e-02,-2.865977372420340785e-01
1.475808500457098660e-02,-4.700618832049540119e-01
-1.348093705227881856e-02,-2.823902205684944988e-01
-1.426885251318665837e-02,-7.879154609078092841e-03
-4.669880234052037338e-02,-3.242994982733330422e-01
9.920847154052836459e-03,5.661964949457293228e-01
-6.758738155071419840e-02,-7.750822870476801185e-01
-8.370038189211825852e-02,-1.611300034140394910e-01
-5.995582981808489365e-02,2.374455207403330936e-01
-5.585244427978430792e-02,4.103385538300408086e-02
-1.170297144116307919e-01,-6.117727013184585116e-01
-1.258955163634709606e-01,-8.865801951840590611e-02
-2.472952619158768073e-01,-1.213997455524045366e+00
-3.611879681073233428e-01,-1.138927061914467576e+00
-5.148546937966980153e-01,-1.536667256893760936e+00
-6.324294370144691868e-01,-1.175747432177709939e+00
-7.856717577862539770e-01,-1.532423207717849678e+00
-7.104789244603555431e-01,7.519283332589878910e-01
-5.486158667594249749e-01,1.618630577009304794e+00
-3.541748879332544675e-01,1.944409788261714844e+00
-2.201769077382902395e-01,1.339979801949635174e+00
-1.169002782386545647e-01,1.032766294996356526e+00
1.743840333243884544e-02,1.343386815710942095e+00
1.661410712774742393e-01,1.487026679450348832e+00
2.431835525818675237e-01,7.704248130439341757e-01
3.233468562277597158e-01,8.016330364589197011e-01
4.318207191791874067e-01,1.084738629514284014e+00
4.642931709831774612e-01,3.247245180398934394e-01
4.369939314613642267e-01,-2.729923952181287916e-01
3.518244976396918133e-01,-8.516943382167290189e-01
2.163017013562082980e-01,-1.355227962834835154e+00
8.948595771194867154e-02,-1.268157436442588271e+00
-6.067824885819916858e-03,-9.555378259776983185e-01
-7.373431119850337723e-02,-6.766648631268188385e-01
-8.500134464071127383e-01,1.591664298372851505e+00
-7.397302897818089917e-01,1.102831566253032136e+00
-7.271175063816786022e-01,1.261278340013021193e-01
-7.863139636463154503e-01,-5.919645726463631519e-01
-9.098520817305706387e-01,-1.235381180842557214e+00
-1.040582003903654851e+00,-1.307299221730838568e+00
-1.008448976393921726e+00,3.213302750973241473e-01
-9.744025632470165732e-01,3.404641314690515230e-01
-7.718506418035886441e-01,2.025519214434286397e+00
-6.692198247403755573e-01,7.718506418035886441e+00
1.152790278196391682e-02,1.152790278196340473e-01
-1.152790278196391682e-02,-1.152790278196340473e-01
0.000000000000000000e+00,0.000000000000000000e+00
7.138131380081169652e-02,7.138131380081182975e-01
6.532860322247557860e-02,-6.052710578335818159e-02
7.395621364180371415e-02,8.627610419327547131e-02
5.033107969620864708e-02,-2.362513394559433433e-01
1.323619863504887917e-01,8.203090665427901218e-01
2.238548623882508082e-01,9.149287603776234956e-01
3.322647264038423032e-01,1.084098640155911841e+00
4.171164808513374567e-01,8.485175444749630813e-01
6.197634079368352644e-01,2.026469270854975413e+00
7.649742397824699225e-01,1.452108318456341252e+00
8.638097068822077063e-01,9.883546709973796141e-01
7.358274312437131925e-01,-1.279822756384938032e+00
5.426472747127064622e-01,-1.931801565310074409e+00
3.445263598379995074e-01,-1.981209148747073989e+00
2.285246044243409713e-01,-1.160017554136580031e+00
1.332462953195499011e-01,-9.527830910479124782e-01
3.166931550978446808e-02,-1.015769798097657661e+00
-7.308870238191289559e-02,-1.047580178916968974e+00
-1.869157394012370688e-01,-1.138270370193245506e+00
-2.607587318055237802e-01,-7.384299240428597866e-01
-4.056661482868966218e-01,-1.449074164813731525e+00
-6.127706035129323325e-01,-2.071044552260354443e+00
-7.929130197997107388e-01,-1.801424162867790280e+00
-7.841678490565726634e-01,8.745170743138963587e-02
-7.660092635544675232e-01,1.815858550210522893e-01
-5.731515613071866966e-01,1.928577022472796720e+00
-4.492882858283167025e-01,1.238632754788713264e+00
-3.379446249060364948e-01,1.113436609222787865e+00
-3.445535176176388603e-01,-6.608892711602187831e-02
-4.435585454639401348e-02,3.445535176176392156e+00
3.665290474891946815e-03,3.665290474891717831e-02
5.974015442949109911e-02,5.607486395459905237e-01
2.809580998674121588e-03,-5.693057343081600052e-01
5.746884375503569231e-02,5.465926275636135978e-01
5.908149029895604087e-02,1.612646543919371567e-02
8.463474988370833785e-02,2.555325958475208603e-01
1.407320633150366262e-01,5.609731343132930981e-01
1.632637236334115727e-01,2.253166031837467997e-01
1.791966987427997537e-01,1.593297510938875838e-01
3.146248293186921785e-01,1.354281305758918919e+00
4.270265625429789935e-01,1.124017332242869482e+00
6.149969631645859636e-01,1.879704006216063483e+00
7.952709053980306919e-01,1.802739422334453501e+00
7.741566771680279402e-01,-2.111422823000390636e-01
6.437192339887900516e-01,-1.304374431792360234e+00
4.907355840097569200e-01,-1.529836499790343751e+00
3.429196046138134335e-01,-1.478159793959433088e+00
1.953121590948638797e-01,-1.476074455189497758e+00
2.432341552380812288e-02,-1.709887435710550907e+00
-1.550981290399437995e-01,-1.794215445637523887e+00
-2.139494264084138564e-01,-5.885129736847012349e-01
-3.495541097820300536e-01,-1.356046833736162860e+00
-4.277823411325050174e-01,-7.822823135047469734e-01
-5.652741245054802022e-01,-1.374917833729750960e+00
-6.642952635221170965e-01,-9.902113901663627260e-01
-6.163785441368467843e-01,4.791671938527004571e-01
-5.103671527260207341e-01,1.060113914108252509e+00
-3.022721175669911275e-01,2.080950351590297398e+00
-2.083047166160501007e-01,9.396740095094142653e-01
-8.390501666004723802e-02,1.243996999560022410e+00
2.671408545092823772e-02,1.106191021109759420e+00
2.068163515650702777e-01,1.801022661141416181e+00
3.645418854800457353e-01,1.577255339149751467e+00
5.455572155410948199e-01,1.810153300610497062e+00
5.913476192335593851e-01,4.579040369246545339e-01
5.756550168863991956e-01,-1.569260234716107760e-01
4.493675974236577275e-01,-1.262874194627416458e+00
3.819441145117075109e-01,-6.742348291195066068e-01
2.904010722291001656e-01,-9.154304228260627951e-01
1.489979676382127138e-01,-1.414031045908877182e+00
-1.515417935012752793e-02,-1.641521469883406414e+00
-1.320149229713862837e-01,-1.168607436212586448e+00
-2.737034357947232266e-01,-1.416885128233372759e+00
-4.300068428823990985e-01,-1.563034070876758719e+00
-5.499844388152030916e-01,-1.199775959328024832e+00
-6.262324584233098790e-01,-7.624801960810776436e-01
-5.246483773592025557e-01,1.015840810641077674e+00
-4.497218671899130271e-01,7.492651016928890684e-01
-3.024151070245757467e-01,1.473067601653380354e+00
-1.880817710133602105e-01,1.143333360112147146e+00
1.095482517008505852e-02,1.990365961834461572e+00
1.218372871425401627e-01,1.108824619724552374e+00
2.251965485410227785e-01,1.033592613984824160e+00
4.193832778190564881e-01,1.941867292780341092e+00
4.823512293944602902e-01,6.296795157540246990e-01
4.948804193716807021e-01,1.252918997722112238e-01
4.917605432822629297e-01,-3.119876089418571752e-02
4.545560643287043234e-01,-3.720447895355736279e-01
3.012140274835921616e-01,-1.533420368451121174e+00
1.059806522023869491e-01,-1.952333752812063228e+00
-2.148133780741368071e-02,-1.274619900098003855e+00
-2.015749801311983447e-01,-1.800936423237845974e+00
-3.009701335546584033e-01,-9.939515342345992543e-01
-4.625533712603786540e-01,-1.615832377057202507e+00
-4.471654863457086293e-01,1.538788491466958064e-01
-3.842838067964287063e-01,6.288167954927952330e-01
-3.234413991502957941e-01,6.084240764613317864e-01
-2.225604371628833178e-01,1.008809619874121655e+00
-1.308260608266440528e-01,9.173437633624010878e-01
7.726236479610726349e-02,2.080884256227508278e+00
2.256288883465433770e-01,1.483665235504358026e+00
3.249269754682941880e-01,9.929808712175112184e-01
3.320189426243747022e-01,7.091967156080869472e-02
4.240114247955251159e-01,9.199248217115014725e-01
3.818738266353225441e-01,-4.213759816020292703e-01
3.541019543167003292e-01,-2.777187231862070504e-01
1.761499554031775716e-01,-1.779519989135236901e+00
5.425513674375714857e-02,-1.218948186594202232e+00
-1.391785249283827852e-01,-1.934336616721400892e+00
-1.970972151643799464e-01,-5.791869023599727218e-01
-2.511993733498965042e-01,-5.410215818551600275e-01
-3.138677925814530312e-01,-6.266841923155603844e-01
-2.867662484265789402e-01,2.710154415487262547e-01
-2.226656120814460849e-01,6.410063634513427644e-01
-1.824770960858490554e-01,4.018851599559662979e-01
-8.377698867248106751e-02,9.870010741336777693e-01
1.556753516095987777e-02,9.934452383344041237e-01
1.414566077077239470e-02,-1.421874390187430337e-02
2.650721476362605245e-02,1.236155399285443213e-01
5.577245298765376447e-02,2.926523822402721797e-01
6.122519923557590005e-02,5.452746247921680389e-02
1.363943060658385775e-01,7.516910683026287732e-01
1.242096860800678826e-01,-1.218461998576954031e-01
1.178572293051480813e-01,-6.352456774920867133e-02
1.013835676540573161e-01,-1.647366165109129810e-01
9.950053913800971372e-02,-1.883028516046381107e-02
1.188698168945752087e-01,1.936927775656573925e-01
1.218755769655111010e-01,3.005760070935004080e-02
2.081556126204020529e-02,-1.010600157034706070e+00
-2.257486477536474467e-02,-4.339042603740452808e-01
-1.616726757258977187e-01,-1.390978109505340177e+00
-1.650809510214799047e-01,-3.408275295581941755e-02
-2.628782509405152013e-01,-9.779729991903463038e-01
-1.904018412515657843e-01,7.247640968894817348e-01
-1.850096540183407967e-01,5.392187233226497511e-02
-1.922843074924234230e-01,-7.274653474084069593e-02
-7.197966184972948156e-02,1.203046456426946520e+00
-3.539023983332434398e-02,3.658942201640574265e-01
9.085066101906491554e-02,1.262409008523891707e+00
2.168203394815311214e-01,1.259696784624663390e+00
2.651954380688312796e-01,4.837509858730015821e-01
2.683399368436063526e-01,3.144498774774362460e-02
2.245512304731374087e-01,-4.378870637046881065e-01
1.459746096290466255e-01,-7.857662084409087200e-01
8.639972608579427060e-02,-5.957488354325231050e-01
-1.173417895258666022e-02,-9.813390503838083090e-01
-1.377728301377008080e-01,-1.260386511851134816e+00
-1.279593204093867342e-01,9.813509728312430624e-02
-1.108885005811934832e-01,1.707081982819422805e-01
-2.038540988610133553e-01,-9.296559827981991653e-01
-2.452442431936017186e-01,-4.139014433258894066e-01
-1.603848178062641239e-01,8.485942538733883822e-01
-2.383591673935292476e-02,1.365489010669103109e+00
9.061833766934235257e-02,1.144542544086957880e+00
1.000811950382871629e-01,9.462857368944277425e-02
1.452435516575736330e-01,4.516235661928686973e-01
1.389193805046531338e-01,-6.324171152920055050e-02
1.485688039495229873e-01,9.649423444869609234e-02
7.235921246521215267e-02,-7.620959148431163399e-01
-1.671479702670453094e-02,-8.907400949191703887e-01
-2.230734989502103360e-02,-5.592552868314942804e-02
-9.771967808583781334e-02,-7.541232819081700178e-01
-1.044239395454358288e-01,-6.704261459598170880e-02
-1.243390020197381318e-01,-1.991506247430310239e-01
-1.184977948305689921e-01,5.841207189169672631e-02
-3.597968874914414528e-02,8.251810608142510217e-01
-4.521302728595699705e-02,-9.233338536812435438e-02
6.983374606837067233e-02,1.150467733543265370e+00
7.318678999081029701e-02,3.353043922440490654e-02
8.872725767760769600e-02,1.554046768679753221e-01
1.724959144918702947e-01,8.376865681426253207e-01
1.501177259661528041e-01,-2.237818852571780148e-01
1.008791311676606739e-01,-4.923859479849315157e-01
4.641860885770299205e-02,-5.446052230995777066e-01
-5.237557361827782643e-02,-9.879418247598081848e-01
-1.037749769524562993e-01,-5.139940333417740703e-01
-1.315474416035726790e-01,-2.777246465111629092e-01
-9.622823274142255912e-02,3.531920886215051958e-01
-6.477512255817607922e-02,3.145311018324541408e-01
1.489992694995834199e-03,6.626511525317289042e-01
-3.513674170498504168e-02,-3.662673439998238578e-01
-5.239022804488335794e-02,-1.725348633989787217e-01
2.055188542083286052e-02,7.294211346571657373e-01
1.155581496037054734e-01,9.500626418287216879e-01
1.497319406935897490e-01,3.417379108988398695e-01
9.798655607217021668e-02,-5.174538462141858863e-01
8.604242128257766353e-02,-1.194413478959303054e-01
-1.021319170731787684e+00,1.251768700525435207e+00
-1.019046089403046862e+00,2.273081328740822471e-02
-1.093994567544756880e+00,-7.494847814171023970e-01
-1.173431336133241132e+00,-7.943676858848398581e-01
-1.081114424184307587e+00,9.231691194893354435e-01
-9.587576491250775490e-01,1.223567750592300385e+00
-8.698341645029694646e-01,8.892348462210826199e-01
-7.762782703635284776e-01,9.355589413944080945e-01
-8.327443909403493549e-01,-5.646612057682069974e-01
-1.029077507923493506e+00,-1.963331169831446843e+00
-1.066483108034656624e+00,-3.740560011116293992e-01
-1.060262176339806572e+00,6.220931694850406757e-02
-8.767531131066199634e-01,1.835090632331855431e+00
-7.623496312582194179e-01,8.767531131066206740e+00
0.000000000000000000e+00,0.000000000000000000e+00
0.000000000000000000e+00,0.000000000000000000e+00
0.000000000000000000e+00,0.000000000000000000e+00
1.642430305481035191e-02,1.642430305480962749e-01
1.185458028101749051e-02,-4.569722773791315418e-02
-1.319838233757053558e-02,-2.505296261858839246e-01
4.272390067139397729e-02,5.592228300896432414e-01
1.206306104819550029e-01,7.790670981056013744e-01
1.463893122393216117e-01,2.575870175736660883e-01
2.143586382884787866e-01,6.796932604915748577e-01
2.649639736425353220e-01,5.060533535405635774e-01
3.192715573045994404e-01,5.430758366206451804e-01
4.866149989201673520e-01,1.673434416155676452e+00
7.029864436793307192e-01,2.163714447591631895e+00
8.566168943481073939e-01,1.536304506687764970e+00
8.989446553069733170e-01,4.232776095886681134e-01
7.621983444444850875e-01,-1.367463108624880519e+00
5.873590597265909707e-01,-1.748392847178949161e+00
4.165040750945330217e-01,-1.708549846320575938e+00
3.281365504917452824e-01,-8.836752460278773924e-01
2.907950776022865114e-01,-3.734147288945885990e-01
2.778531808390676261e-01,-1.294189676321870763e-01
3.375920392704427897e-01,5.973885843137516360e-01
4.646641343082933417e-01,1.270720950378504632e+00
5.322275531080178368e-01,6.756341879972476150e-01
7.075441582779373739e-01,1.753166051699193595e+00
7.673038403826537568e-01,5.975968210471638287e-01
7.733647636614260357e-01,6.060923278772101241e-02
6.289329417806748257e-01,-1.444318218807510767e+00
4.474203936596536924e-01,-1.815125481210212222e+00
3.241261595120488170e-01,-1.232942341476047865e+00
1.468817995831271928e-01,-1.772443599289215577e+00
1.211910499783630524e-01,-2.569074960476416258e-01
-1.605164133790948355e-02,-1.372426913162725359e+00
-2.979057776398008617e-02,-1.373893642607061372e-01
-1.912935834364962728e-01,-1.615030056725161867e+00
-3.638648874734607963e-01,-1.725713040369643458e+00
-5.051979392221856990e-01,-1.413330517487249693e+00
-6.343232133710063891e-01,-1.291252741488208677e+00
-7.408784564130392880e-01,-1.065552430420326324e+00
-7.126920476176730190e-01,2.818640879536600252e-01
-5.991160750256017131e-01,1.135759725920716612e+00
-3.886916338725026066e-01,2.104244411530988401e+00
-1.666462608988368288e-01,2.220453729736659110e+00
-4.668262268478873267e-02,1.199636382140477409e+00
1.321688766798363446e-01,1.788514993646254103e+00
3.489187188161588793e-01,2.167498421363227123e+00
5.039623803326902518e-01,1.550436615165308396e+00
5.833058811349172146e-01,7.934350080222714041e-01
5.903265564702948609e-01,7.020675335377468684e-02
5.834032468875824939e-01,-6.923309582712011689e-02
4.047290734290043268e-01,-1.786741734585783448e+00
2.043713671129070431e-01,-2.003577063160972838e+00
9.354425672277733028e-02,-1.108271103901297128e+00
-1.732676764200147268e-02,-1.108710243647788252e+00
-1.610088540608118901e-01,-1.436820864188102620e+00
-2.895950212736246865e-01,-1.285861672128126632e+00
-4.931974472043889612e-01,-2.036024259307645412e+00
-5.926636480827105480e-01,-9.946620087832158674e-01
-6.183942243007920503e-01,-2.573057621808123585e-01
-5.299889293820152503e-01,8.840529491877671120e-01
-3.544367933511543001e-01,1.755521360308612167e+00
-2.593104438564486358e-01,9.512634949470566426e-01
-1.495114532547958675e-01,1.097989906016526351e+00
-3.976197853438456775e-02,1.097494747204114107e+00
1.162256748909022974e-01,1.559876534252865987e+00
2.692040573399214765e-01,1.529783824490191124e+00
4.678768101729673390e-01,1.986727528330460402e+00
5.931378584881104032e-01,1.252610483151428866e+00
5.885284411190676579e-01,-4.609417369042745349e-02
5.952391568471711025e-01,6.710715728103355815e-02
4.252368143312463822e-01,-1.700023425159247203e+00
3.097691706293115299e-01,-1.154676437019347635e+00
1.694558901939391404e-01,-1.403132804353723451e+00
5.711067509779144125e-02,-1.123452150961478324e+00
-1.069958383199758334e-01,-1.641065134177671414e+00
-3.080463184024571088e-01,-2.010504800824812310e+00
-3.815541911393616203e-01,-7.350787273690473356e-01
-5.271281118214625749e-01,-1.455739206821007325e+00
-6.444304237156295301e-01,-1.173023118941667775e+00
-5.556177284795742466e-01,8.881269523605501703e-01
-4.922498375725661290e-01,6.336789090700785110e-01
-3.293365197789084320e-01,1.629133177936577859e+00
-1.773975575096908841e-01,1.519389622692175479e+00
2.406771251264405720e-02,2.014652700223348969e+00
2.231146622061448426e-01,1.990469496935010074e+00
3.200873572413680535e-01,9.697269503522356615e-01
4.664878376121532888e-01,1.464004803707849689e+00
5.378417580707819390e-01,7.135392045862829491e-01
5.963596763855529836e-01,5.851791831477139993e-01
5.952987084232757020e-01,-1.060967962277636900e-02
4.615589209024979489e-01,-1.337397875207773978e+00
3.612086685515638607e-01,-1.003502523509341771e+00
2.359870447045953057e-01,-1.252216238469685550e+00
1.272067315350065009e-01,-1.087803131695888714e+00
1.474862722602132692e-02,-1.124581043089851518e+00
-1.548486921887448631e-01,-1.695973194147661012e+00
-2.545627748878636076e-01,-9.971408269911870015e-01
-3.838563837391844036e-01,-1.292936088513208848e+00
-4.898881299706661085e-01,-1.060317462314818382e+00
-5.790431415230563594e-01,-8.915501155239011766e-01
-6.574915126982614488e-01,-7.844837117520482295e-01
-6.716340273933569804e-01,-1.414251469509544279e-01
-5.720891790036208846e-01,9.954484838973556293e-01
-4.055041421104750299e-01,1.665850368931461212e+00
-3.087534387019141846e-01,9.675070340856071205e-01
-2.381837964992650214e-01,7.056964220264916321e-01
-2.055736689620832891e-01,3.261012753718204316e-01
-1.359606871431102704e-01,6.961298181897279669e-01
-1.182107772763485443e-01,1.774990986676179272e-01
-1.106133559194546478e-01,7.597421356893674371e-02
-1.221357686651369789e-01,-1.152241274568239771e-01
-1.721533189803707842e-01,-5.001755031523400508e-01
-2.144879618972188595e-01,-4.233464291684800873e-01
-2.241928468956935205e-01,-9.704884998474705426e-02
-3.381460483234137726e-01,-1.139532014277195859e+00
-4.615882580335171070e-01,-1.234422097101038229e+00
-6.117508450789470587e-01,-1.501625870454290634e+00
-7.716511453247321128e-01,-1.599003002457863865e+00
-8.528163485413209344e-01,-8.116520321658891035e-01
-8.311208010717159311e-01,2.169554746960606906e-01
-7.473896008010783021e-01,8.373120027063754023e-01
-5.642389044929299047e-01,1.831506963081484862e+00
-3.620926367469543550e-01,5.642389044929295494e+00
0.000000000000000000e+00,0.000000000000000000e+00
0.000000000000000000e+00,0.000000000000000000e+00
1.722098350524881027e-02,1.722098350524907950e-01
5.605763801820806691e-02,3.883665451295851279e-01
9.117536310738039163e-02,3.511772508917365698e-01
9.386995899669159371e-02,2.694595889311213188e-02
1.713134363065407229e-01,7.744347730984830758e-01
2.223902567501294669e-01,5.107682044358829998e-01
3.269660388286457220e-01,1.045757820785159442e+00
5.177526418897482330e-01,1.907866030611028663e+00
6.863826213611812221e-01,1.686299794714329892e+00
8.738632633433720542e-01,1.874806419821913650e+00
9.333043668344149779e-01,5.944110349104203550e-01
8.630524695607748598e-01,-7.025189727363976289e-01
6.420107599170243873e-01,-2.210417096437503837e+00
4.709621821180176582e-01,-1.710485777990061074e+00
3.976722462865698304e-01,-7.328993583144787216e-01
4.531250132376962725e-01,5.545276695112604237e-01
5.294062138114803417e-01,7.628120057378424690e-01
6.327914846991822273e-01,1.033852708877022408e+00
8.512498728371817869e-01,2.184583881379992043e+00
9.191122942434701848e-01,6.786242140628839792e-01
9.037701153357797779e-01,-1.534217890769067338e-01
7.281184610283413239e-01,-1.756516543074383208e+00
5.592692048119908277e-01,-1.688492562163504296e+00
5.373964047526421650e-01,-2.187280005934875149e-01
4.614336143099342369e-01,-7.596279044270790592e-01
5.066443148001136265e-01,4.521070049017943404e-01
6.100820094996819432e-01,1.034376946995682722e+00
8.135638913626848101e-01,2.034818818630030002e+00
9.932643797963818244e-01,1.797004884336967478e+00
9.897164439708237005e-01,-3.547935825557857470e-02
8.382897301307545845e-01,-1.514267138400693824e+00
7.415507154914182664e-01,-9.673901463933614053e-01
7.462329262355407167e-01,4.682210744122095036e-02
7.473882620038114766e-01,1.155335768270937535e-02
8.088355502950026477e-01,6.144728829119117108e-01
9.748539037343046942e-01,1.660183534393022242e+00
1.026602825231703875e+00,5.174892149739900304e-01
9.603735455391610998e-01,-6.622927969254224223e-01
7.661874195204472215e-01,-1.941861260187145888e+00
6.694884052148672993e-01,-7.661874195204468663e+00
-1.884978264570236206e-03,-1.884978264570328146e-02
-6.078976593931528782e-02,-5.890478767474449651e-01
-1.153144608813327920e-02,4.925831985118137024e-01
1.459002513836082926e-02,2.612147122649360331e-01
-3.830529422987538624e-02,-5.289531936823557157e-01
-8.472105506184668400e-02,-4.641576083197058722e-01
-1.771468143048924304e-01,-9.242575924304724522e-01
-1.658026746564527087e-01,1.134413964844074307e-01
-1.890165514282031722e-01,-2.321387677175008601e-01
-2.602817879066527951e-01,-7.126523647845037779e-01
-4.525093493544360967e-01,-1.922275614477833017e+00
-6.116873158964750701e-01,-1.591779665420378187e+00
-7.698184949638804397e-01,-1.581311790674070572e+00
-7.517547105719852851e-01,1.806378439189604279e-01
-6.677754158404134444e-01,8.397929473157139668e-01
-5.646967127413740073e-01,1.030787030990395259e+00
-4.473480993261258476e-01,1.173486134152486038e+00
-3.191529112849700311e-01,1.281951880411558164e+00
-1.835978417799530860e-01,1.355550695050164123e+00
-1.608809451953225889e-01,2.271689658463074135e-01
3.926185806478663665e-01,-1.749223295253170107e+00
2.656655343487397403e-01,-1.269530462991259157e+00
9.626305954293457035e-02,-1.694024748058053254e+00
-6.578068402193348874e-02,-1.620437435648686808e+00
-2.532263751971353116e-01,-1.874456911752010901e+00
-3.345098125922820742e-01,-8.128343739514725108e-01
-5.244924919982643097e-01,-1.899826794059820578e+00
-5.892552661174281781e-01,-6.476277411916386839e-01
-5.195984969195270864e-01,6.965676919790126931e-01
-4.518152086449362947e-01,6.778328827459070283e-01
-3.400215385194833573e-01,1.117936701254529819e+00
-1.552086500807463576e-01,1.848128884387369331e+00
4.132710144223006310e-02,1.965357515229764207e+00
1.870877330688969220e-01,1.457606316266667479e+00
3.792686705183534457e-01,1.921809374494563905e+00
4.655718824692045565e-01,8.630321195085119967e-01
4.876407180148860654e-01,2.206883554568142003e-01
4.997508604203169114e-01,1.211014240543093479e-01
4.536428637424401167e-01,-4.610799667787670586e-01
2.887628501776910994e-01,-1.648800135647487952e+00
1.701249183266382303e-01,-1.186379318510526915e+00
8.684766576054681053e-02,-8.327725256609206372e-01
-6.737893329188615610e-03,-9.358555908973542614e-01
-9.738242740848779277e-02,-9.064453407929882189e-01
-2.695566852650639333e-01,-1.721742578565763404e+00
-4.379606857606481718e-01,-1.684040004955841496e+00
-5.087063565736533732e-01,-7.074567081300502380e-01
-5.357131190752855154e-01,-2.700676250163223102e-01
-5.247306415667627455e-01,1.098247750852268112e-01
-3.770147242850701019e-01,1.477159172816926436e+00
-1.832555446756698458e-01,1.937591796094002561e+00
-6.280214737735323460e-02,1.204533972983165446e+00
1.452696197958591728e-01,2.080717671732124519e+00
3.339647117099779905e-01,1.886950919141187955e+00
4.576658843010310562e-01,1.237011725910532878e+00
5.754784766690033138e-01,1.178125923679719023e+00
4.933769380567283314e-01,-8.210153861227480476e-01
4.394387968230337727e-01,-5.393814123369438107e-01
3.287619382621143060e-01,-1.106768585609198219e+00
1.968382362446519096e-01,-1.319237020174626629e+00
3.101614983271172576e-02,-1.658220864119401616e+00
-1.274660129281626197e-01,-1.584821627608741457e+00
-2.631229425065813032e-01,-1.356569295784186391e+00
-4.165282924000712761e-01,-1.534053498934897064e+00
-5.353446246462532088e-01,-1.188163322461821103e+00
-5.953878758603714516e-01,-6.004325121411815402e-01
-5.619516062406852974e-01,3.343626961968597655e-01
-4.531136701563522884e-01,1.088379360843331867e+00
-2.457877594393818033e-01,2.073259107169704407e+00
-8.862546088308009828e-02,1.571622985563017050e+00
1.286872633888436201e-01,2.173127242719238073e+00
2.979542251999363067e-01,1.692669618110925089e+00
4.099580884992333196e-01,1.120038632992970573e+00
4.884327621198800706e-01,7.847467362064657337e-01
5.586224261626826504e-01,7.018966404280257976e-01
5.032240078154073259e-01,-5.539841834727514680e-01
4.057484859589211013e-01,-9.747552185648595824e-01
2.463236645743354103e-01,-1.594248213845856021e+00
4.539031955826278164e-02,-2.009333450160732948e+00
-1.399551918087782454e-01,-1.853455113670406051e+00
-2.929410442292557093e-01,-1.529858524204778414e+00
-3.985935359272825274e-01,-1.056524916980265072e+00
-5.119683187620607256e-01,-1.133747828347779762e+00
-5.332261918190561722e-01,-2.125787305699580187e-01
-5.371873543231924231e-01,-3.961162504135806728e-02
-3.440569924086265274e-01,1.931303619145656292e+00
-1.675964774679186142e-01,1.764605149407080464e+00
2.888361946683071224e-03,1.704848394146014856e+00
1.926789250218667870e-01,1.897905630751838491e+00
3.272890480059005291e-01,1.346101229840335423e+00
3.787601040007055886e-01,5.147105599480523708e-01
4.869026763465300611e-01,1.081425723458243393e+00
5.440147178060894539e-01,5.711204145955957046e-01
4.140799125771543743e-01,-1.299348052289354349e+00
3.331353075384875240e-01,-8.094460503866667267e-01
1.425033215765481032e-01,-1.906319859619395318e+00
-6.388153996341916496e-02,-2.063848615399666908e+00
-2.143289048191059365e-01,-1.504473648556870158e+00
-3.255182177894386797e-01,-1.111893129703326100e+00
-4.309521935166116258e-01,-1.054339757271731237e+00
-5.424673504326502638e-01,-1.115151569160385492e+00
-4.572406321378514882e-01,8.522671829479842032e-01
-3.581729610390418372e-01,9.906767109881009503e-01
-2.039450543180674202e-01,1.542279067209741505e+00
-4.757618771447580386e-02,1.563688666035916164e+00
1.571343325601815000e-01,2.047105202746572594e+00
3.657656402520823580e-01,2.086313076919008580e+00
5.461769095364097382e-01,1.804112692843273358e+00
5.968083374121868623e-01,5.063142787577730175e-01
6.187821306128014065e-01,2.197379320061481067e-01
5.549728709643400038e-01,-6.380925964846158038e-01
3.443398879002668167e-01,-2.106329830640734979e+00
2.255582591526392733e-01,-1.187816287476270993e+00
1.454241218910503619e-01,-8.013413726158895578e-01
2.017031051859863311e-02,-1.252538113724521729e+00
-1.544541259985985349e-01,-1.746244365171969681e+00
-3.161175192015770463e-01,-1.616633932029786669e+00
-4.457529971215565823e-01,-1.296354779199796692e+00
-6.436638670595034029e-01,-1.979108699379463765e+00
-7.070723177788824643e-01,-6.340845071937932786e-01
-6.772061276474530267e-01,2.986619013142943757e-01
-6.411443127959435273e-01,3.606181485150976584e-01
-4.697299507404482100e-01,1.714143620554951397e+00
-3.561884179037175802e-01,1.135415328367306742e+00
-2.909195502432290192e-01,6.526886766048853872e-01
-1.877603228510325017e-01,1.031592273921964731e+00
-5.450366380469651162e-02,1.332566590463359901e+00
-4.235972955649724980e-02,1.214393424819931733e-01
5.910533875406620563e-02,1.014650683105634332e+00
1.901719363791010142e-01,1.310665976250348308e+00
2.805339839348545139e-01,9.036204755575343306e-01
4.625754796423272586e-01,1.820414957074726114e+00
5.985459663047230094e-01,1.359704866623959951e+00
7.424692199183065000e-01,1.439232536135832241e+00
7.705842518982395362e-01,2.811503197993303615e-01
7.692617859426853499e-01,-1.322465955554097405e-02
7.021378892951535278e-01,-6.712389664753173335e-01
5.937582905650753418e-01,-1.083795987300781860e+00
5.643381435191505702e-01,-2.942014704592486041e-01
4.715047376066952012e-01,-9.283340591245483608e-01
5.649292075283653958e-01,9.342446992167019459e-01
7.215393138381500648e-01,1.566101063097838697e+00
8.551416062905392579e-01,1.336022924523899036e+00
1.020393180209444139e+00,1.652515739189039934e+00
8.920420120542615905e-01,-1.283511681551813055e+00
7.151493832829807218e-01,-1.768926287712819345e+00
5.838203913075119544e-01,-1.313289919754680568e+00
4.547950494477426275e-01,-1.290253418597689716e+00
1.468858573917835031e-01,-4.547950494477433381e+00
-1.216070204973185298e-02,-1.216070204973229985e-01
-6.575536914437485336e-02,-5.359466709464330014e-01
-1.106513660637098440e-01,-4.489599691933349179e-01
-1.347816097709912952e-01,-2.413024370728220624e-01
-1.926174030407317161e-01,-5.783579326974122026e-01
-2.018988193059900738e-01,-9.281416265258135567e-02
-2.479071661114922165e-01,-4.600834680550232036e-01
-4.143368830292750715e-01,-1.664297169177812119e+00
-5.674862263355855418e-01,-1.531493433063108256e+00
-6.609573218844193576e-01,-9.347109554883390459e-01
-6.967844278408517056e-01,-3.582710595643314733e-01
-6.544155323146547687e-01,4.236889552619764743e-01
-5.264984940473826924e-01,1.279170382672717210e+00
-4.533717603635150084e-01,7.312673368386759520e-01
-3.300764365387252042e-01,1.232953238247903371e+00
-1.524935694373628081e-01,1.775828671013620186e+00
-7.952786954144919207e-02,7.296569989591369376e-01
-1.132526248417420334e-03,7.839534329303179394e-01
1.757657440305884222e-01,1.768982702790056205e+00
2.378261013579168193e-01,6.206035732732848587e-01
3.398876882473897965e-01,1.020615868894728440e+00
5.063508301271699708e-01,1.664631418797805296e+00
6.460024850226897541e-01,1.396516548955195169e+00
6.844454247954381287e-01,3.844293977274917395e-01
6.230406980075464674e-01,-6.140472678789334893e-01
4.979230938325471811e-01,-1.251176041749978651e+00
3.803644990541759086e-01,-1.175585947783718943e+00
2.211903488194106870e-01,-1.591741502347658876e+00
5.187738562263177755e-02,-1.693129631967776438e+00
-5.926850794114812970e-02,-1.111458935637796852e+00
-1.259955896753872651e-01,-6.672708173423951283e-01
-3.188578276750995144e-01,-1.928622379997118053e+00
-4.758575468776555795e-01,-1.569997192025573973e+00
-5.751723020428443078e-01,-9.931475516518792901e-01
-6.524329191621376367e-01,-7.726061711929279596e-01
-5.642896891377731095e-01,8.814323002436319499e-01
-4.178656420207040867e-01,1.464240471170696445e+00
-2.862564054330771768e-01,1.316092365876267323e+00
-8.254908102984082063e-02,2.037073244032364894e+00
1.092193024076610897e-01,1.917683834375019103e+00
2.303982320427913066e-01,1.211789296351303502e+00
3.974527037663033724e-01,1.670544717235117993e+00
5.134731382441941605e-01,1.160204344778916763e+00
6.132462843931723029e-01,9.977314614897760947e-01
5.060843180411378484e-01,-1.071619663520351651e+00
3.969962585547595069e-01,-1.090880594863783415e+00
3.119050277855972553e-01,-8.509123076916216277e-01
1.875043913090514991e-01,-1.244006364765456896e+00
4.192669954271366350e-02,-1.455776917663372139e+00
-5.295983631901712840e-02,-9.488653586173190213e-01
-1.608582097550463885e-01,-1.078983734360289493e+00
-2.476200472368557115e-01,-8.676183748180938959e-01
-4.566127922875953260e-01,-2.089927450507386375e+00
-5.990100465726548862e-01,-1.423972542850605372e+00
-6.815372823081045084e-01,-8.252723573544828994e-01
-6.474017685834301261e-01,3.413551372467438227e-01
-5.600522770742584200e-01,8.734949150917064031e-01
-4.783884834133749209e-01,8.166379366088358793e-01
-3.603118572171553069e-01,1.180766261962194807e+00
-2.065865273390876666e-01,1.537253298780682176e+00
-1.968428909937589566e-01,9.743636345328576809e-02
-2.274385648772314639e-01,-3.059567388347228523e-01
-2.245682375705930767e-01,2.870327306637632248e-02
-1.939941399817097789e-01,3.057409758888345319e-01
-2.852081039417235786e-01,-9.121396396001355544e-01
-3.276651008307132074e-01,-4.245699688898922908e-01
-3.903428716319536917e-01,-6.267777080124043998e-01
-5.643299064960771716e-01,-1.739870348641241016e+00
-6.783525785495458926e-01,-1.140226720534685434e+00
-7.638835275154041149e-01,-8.553094896585795581e-01
-7.158726832058537326e-01,4.801084430955002702e-01
