-1.331307802441306087e+00,-4.497152766465625007e+00,-2.986586987972259521e-01
-1.934352608256345807e+00,-6.030448058150395418e+00,-2.017594099044799805e+00
-2.736311820894032909e+00,-8.019592126376871022e+00,-7.934419512748718262e-01
-3.618809943257111694e+00,-8.824981223630787852e+00,-1.768248796463012695e+00
-4.482811664011498110e+00,-8.640017207543866817e+00,-6.689772605895996094e-01
-5.218226296862710001e+00,-7.354146328512123354e+00,1.477267384529113770e+00
-5.775901304118546520e+00,-5.576750072558363414e+00,-1.341220617294311523e+00
-6.299269143196459808e+00,-5.233678390779133771e+00,-1.299740552902221680e+00
-6.862471566729982264e+00,-5.632024235335222784e+00,1.817558288574218750e+00
-7.451571651339588875e+00,-5.891000846096066113e+00,1.719320535659790039e+00
-8.125342793930773411e+00,-6.737711425911843577e+00,2.560269460082054138e-02
-8.940835583182821011e+00,-8.154927892520472454e+00,1.199511766433715820e+00
-9.787687408098019404e+00,-8.468518249151983923e+00,-1.410376667976379395e+00
-1.062106062543258034e+01,-8.333732173345602234e+00,-2.126780748367309570e+00
-1.137613429895679928e+01,-7.550736735242198350e+00,-1.346541047096252441e+00
-1.203007046733159768e+01,-6.539361683747986653e+00,-1.487182140350341797e+00
-1.256637061435917246e+01,0.000000000000000000e+00,2.023931741714477539e+00
-1.250565266210773885e+01,6.071795225143438168e-01,7.729701399803161621e-01
-1.241282566182037073e+01,9.282700028736757814e-01,-3.367504477500915527e-01
-1.230743830606061273e+01,1.053873557597576172e+00,6.264960169792175293e-01
-1.214516494200925223e+01,1.622733640513611686e+00,-2.456560611724853516e+00
-1.199574606002505028e+01,1.494188819842021454e+00,-1.700075626373291016e+00
-1.181675404002458407e+01,1.789920200004658346e+00,1.469242691993713379e+00
-1.149201799107933653e+01,3.247360489452474130e+00,2.037414312362670898e+00
-1.097524142268613900e+01,5.167765683931976994e+00,1.612546294927597046e-02
-1.030956242594596617e+01,6.656789967401737229e+00,-7.656697630882263184e-01
-9.552783788106552265e+00,7.567786378394146141e+00,2.478723049163818359e+00
-8.704765313623429535e+00,8.480184744831234411e+00,-3.353857696056365967e-01
-7.968261594669252545e+00,7.365037189541768115e+00,-8.445424437522888184e-01
-7.408325232522032344e+00,5.599363621472204677e+00,-2.531520426273345947e-01
-6.993012428408253989e+00,4.153128041137780002e+00,-2.894576191902160645e-01
-6.685384689774345190e+00,3.076277386339087982e+00,-1.519173026084899902e+00
-6.482971499788569680e+00,2.024131899857752437e+00,3.632753156125545502e-03
-6.310825533894719896e+00,1.721459658938494286e+00,-2.000542640686035156e+00
-6.203357791230584617e+00,1.074677426641351907e+00,-7.241442054510116577e-02
-6.086423470353056864e+00,1.169343208775276199e+00,2.154035091400146484e+00
-5.875894697808845990e+00,2.105287725442109181e+00,-2.075365781784057617e+00
-5.668840030624739512e+00,2.070546671841064335e+00,1.817020297050476074e+00
-5.321432372839938196e+00,3.474076577848009606e+00,1.645507514476776123e-01
-4.847101067674969954e+00,4.743313051649679757e+00,-2.261717081069946289e+00
-4.293403262798284992e+00,5.536978048766853178e+00,1.093987464904785156e+00
-3.571521619166203365e+00,7.218816436320817154e+00,-2.015532016754150391e+00
-2.849750645939727711e+00,7.217709732264757427e+00,-4.597283601760864258e-01
-2.187094361169109824e+00,6.626562847706178871e+00,6.327512264251708984e-01
-1.629847085514364968e+00,5.572472756547448114e+00,-1.193082094192504883e+00
-1.259802566090088227e+00,3.700445194242766966e+00,1.127830862998962402e+00
-9.998377459951142132e-01,2.599648200949739696e+00,2.487961798906326294e-01
-8.593964310915367388e-01,1.404413149035774966e+00,-9.731999635696411133e-01
-8.621897341261692826e-01,-2.793303034632521609e-02,-1.626152276992797852e+00
-1.027649636977540082e+00,-1.654599028513707104e+00,1.374802231788635254e+00
-1.279782084843549939e+00,-2.521324478660097235e+00,-5.493429303169250488e-01
-1.691331426968464280e+00,-4.115493421249142969e+00,2.125257730484008789e+00
-2.186800054507107127e+00,-4.954686275386427141e+00,-2.293735980987548828e+00
-2.872023444538268855e+00,-6.852233900311614612e+00,7.500791549682617188e-01
-3.572636223976237702e+00,-7.006127794379689355e+00,2.251346588134765625e+00
-4.140933895681639498e+00,-5.682976717054019744e+00,7.677357792854309082e-01
-4.558327369918313998e+00,-4.173934742366746775e+00,-2.758162915706634521e-01
-4.834519757817403729e+00,-2.761923878990896419e+00,-1.660466909408569336e+00
-5.010814880505510160e+00,-1.762951226881064093e+00,-2.328137159347534180e+00
-5.113055160051946935e+00,-1.022402795464365299e+00,1.245358347892761230e+00
-5.039507763264098550e+00,7.354739678784845136e-01,-1.774551749229431152e+00
-4.877371753070962157e+00,1.621360101931360598e+00,-2.244095951318740845e-01
-4.574491261038399870e+00,3.028804920325618433e+00,2.039249658584594727e+00
-4.062765845731957093e+00,5.117254153064425992e+00,-6.541396379470825195e-01
-3.452753023440487290e+00,6.100128222914695364e+00,1.970268368721008301e+00
-2.739537665056747340e+00,7.132153583837398614e+00,2.237500429153442383e+00
-2.020033483149326958e+00,7.195041819074203815e+00,6.550946235656738281e-01
-1.418151772732977989e+00,6.018817104163488807e+00,7.773201167583465576e-02
-9.639996106392587638e-01,4.541521620937191805e+00,-2.334278106689453125e+00
-7.044600782188046306e-01,2.595395324204540444e+00,2.045839309692382812e+00
-4.814673637699434794e-01,2.229927144488611734e+00,1.243688240647315979e-01
-3.248745960645234021e-01,1.565927677054200995e+00,-1.184787750244140625e+00
-2.521737308019459389e-01,7.270086526257744097e-01,1.416483998298645020e+00
-1.746228773661964162e-01,7.755085343574952272e-01,-9.383996129035949707e-01
-1.515171792611888224e-01,2.310569810500759935e-01,-1.804193973541259766e+00
-2.052473328888572424e-01,-5.373015362766841996e-01,-1.714975237846374512e-01
-2.945326179178089365e-01,-8.928528502895167751e-01,-7.577297091484069824e-01
-4.498258322971642187e-01,-1.552932143793552378e+00,-1.148473545908927917e-01
-6.733198924778294181e-01,-2.234940601806651550e+00,-2.065305709838867188e+00
-1.051640356336490445e+00,-3.783204638586608937e+00,1.812401860952377319e-01
-1.553624391025486329e+00,-5.019840346889957949e+00,-9.100883007049560547e-01
-2.231383007521650086e+00,-6.777586164961638460e+00,2.420408010482788086e+00
-2.952940966612187079e+00,-7.215579590905369045e+00,6.851454824209213257e-02
-3.698409016569932817e+00,-7.454680499577457375e+00,2.005527257919311523e+00
-4.302201920968385274e+00,-6.037929043984526345e+00,-2.433992147445678711e+00
-4.839646274605529541e+00,-5.374443536371441787e+00,9.891020506620407104e-02
-5.223723932214242360e+00,-3.840776576087129079e+00,-1.298024892807006836e+00
-5.514776298073368110e+00,-2.910523658591258833e+00,-1.029979109764099121e+00
-5.731606054819144092e+00,-2.168297567457757147e+00,-2.302452802658081055e+00
-5.938253967184318860e+00,-2.066479123651748129e+00,-4.805358350276947021e-01
-6.107978201532381135e+00,-1.697242343480626747e+00,1.363061189651489258e+00
-6.210154616045058695e+00,-1.021764145126773382e+00,2.090353012084960938e+00
-6.238369042381645357e+00,-2.821442633658671761e-01,2.148321151733398438e+00
-6.195329001275546865e+00,4.304004110609839229e-01,2.390981435775756836e+00
-6.067527138270795817e+00,1.278018630047513815e+00,1.141572594642639160e+00
-5.873762943385971269e+00,1.937641948848247253e+00,1.720530688762664795e-01
-5.615706524121470089e+00,2.580564192645014021e+00,-1.214685440063476562e-01
-5.269217155783715967e+00,3.464893683377542111e+00,1.380519866943359375e-01
-4.792285344587741136e+00,4.769318111959750972e+00,-1.818214893341064453e+00
-4.221809278179697422e+00,5.704760664080434474e+00,1.515329003334045410e+00
-3.475275786745215090e+00,7.465334914344824213e+00,-4.156165942549705505e-02
-2.683099962186297649e+00,7.921758245589174408e+00,-2.891295254230499268e-01
-1.968364097192374818e+00,7.147358649939229203e+00,4.563272595405578613e-01
-1.380383435533901970e+00,5.879806616584728474e+00,-7.702304124832153320e-01
-9.645625542188827062e-01,4.158208813150191752e+00,-1.402118325233459473e+00
-7.153226476179612714e-01,2.492399066009214792e+00,-3.503842055797576904e-01
-5.757211386447086410e-01,1.396015089732525860e+00,-1.400212883949279785e+00
-5.602107942002494401e-01,1.551034444445922311e-01,-2.002812474966049194e-01
-6.304601356012735636e-01,-7.024934140102409019e-01,-4.612629115581512451e-01
-8.027640909924786961e-01,-1.723039553912051325e+00,-5.933570265769958496e-01
-1.100243711637388877e+00,-2.974796206449102698e+00,1.531003952026367188e+00
-1.484598456896625729e+00,-3.843547452592367630e+00,2.144196271896362305e+00
-1.952917339257009388e+00,-4.683188823603835260e+00,-8.055655360221862793e-01
-2.583179604101998539e+00,-6.302622648449889731e+00,2.388504981994628906e+00
-3.219372079344637871e+00,-6.361924752426391549e+00,7.344289124011993408e-02
-3.839797536439727654e+00,-6.204254570950898717e+00,-4.137642979621887207e-01
-4.374348095801949832e+00,-5.345505593622220886e+00,-2.252853393554687500e+00
-4.833369675951876943e+00,-4.590215801499267556e+00,-1.596034616231918335e-01
-5.146898681627350314e+00,-3.135290056754733712e+00,1.752913117408752441e+00
-5.270838224220839585e+00,-1.239395425934892936e+00,-2.349853992462158203e+00
-5.337689893131078556e+00,-6.685166891023897051e-01,-1.961585640907287598e+00
-5.341570523327081155e+00,-3.880630196002254895e-02,-3.459917902946472168e-01
-5.234542851245444162e+00,1.070276720816373928e+00,-3.552048802375793457e-01
-5.008480365805201728e+00,2.260624854402419892e+00,1.141077041625976562e+00
-4.605391117075045671e+00,4.030892487301560578e+00,-1.031143665313720703e+00
-4.085303267887434586e+00,5.200878491876107290e+00,1.107999205589294434e+00
-3.412074554313929475e+00,6.732287135735048444e+00,1.893513083457946777e+00
-2.643980757238543422e+00,7.680937970753858757e+00,-2.624786198139190674e-01
-1.957664862456922172e+00,6.863158947816212496e+00,-3.970461189746856689e-01
-1.424233559356577583e+00,5.334313031003445005e+00,3.360051512718200684e-01
-1.030714229066456156e+00,3.935193302901214274e+00,2.391704559326171875e+00
-6.952742903488728921e-01,3.354399387175832192e+00,-1.765380382537841797e+00
-5.098914956970619361e-01,1.853827946518110004e+00,2.326629161834716797e+00
-3.284783566954070366e-01,1.814131390016548773e+00,-1.775339603424072266e+00
-2.492601124347124664e-01,7.921824426069457026e-01,-2.291377067565917969e+00
-2.760238857360730602e-01,-2.676377330136057164e-01,2.327734231948852539e+00
-2.737551719408854445e-01,2.268713795187610183e-02,-2.042463302612304688e+00
-3.733194643125433143e-01,-9.956429237165784762e-01,7.886481285095214844e-01
-5.036318591532022992e-01,-1.303123948406590404e+00,2.045294761657714844e+00
-6.445859178526150979e-01,-1.409540586994127542e+00,-2.350011348724365234e+00
-9.457475789427718382e-01,-3.011616610901567626e+00,1.204806923866271973e+00
-1.331501736779618250e+00,-3.857541578368464563e+00,9.754939079284667969e-01
-1.832559626551161891e+00,-5.010578897715436852e+00,1.284194737672805786e-01
-2.473152033330304533e+00,-6.405924067791426424e+00,-4.583756625652313232e-01
-3.218538376299735493e+00,-7.453863429694309595e+00,-1.854117989540100098e+00
-4.005781627355128549e+00,-7.872432510553929674e+00,-4.952422976493835449e-01
-4.691435075202635474e+00,-6.856534478475066585e+00,-2.263165235519409180e+00
-5.292959448528009148e+00,-6.015243733253731406e+00,-1.612237453460693359e+00
-5.815623889793060108e+00,-5.226644412650509608e+00,9.661057591438293457e-01
-6.240130548256673571e+00,-4.245066584636132845e+00,2.250346422195434570e+00
-6.589397075334038512e+00,-3.492665270773650743e+00,1.030609846115112305e+00
-6.951914826818999416e+00,-3.625177514849605487e+00,2.288010120391845703e+00
-7.337703169852564322e+00,-3.857883430335647290e+00,-1.360552549362182617e+00
-7.893600072803271139e+00,-5.558969029507066395e+00,-6.398637890815734863e-01
-8.616907492562807747e+00,-7.233074197595358967e+00,-8.255234360694885254e-01
-9.471233276799006617e+00,-8.543257842361985155e+00,2.340091228485107422e+00
-1.024582755552930635e+01,-7.745942787302989352e+00,-1.846828699111938477e+00
-1.096372368999677605e+01,-7.178961344674695155e+00,-2.037422418594360352e+00
-1.159066488672923256e+01,-6.269411967324568735e+00,2.341211318969726562e+00
-1.202127426323003867e+01,-4.306093765008061958e+00,6.796932816505432129e-01
-1.235242594106512115e+01,-3.311516778350826584e+00,-5.564240217208862305e-01
-1.256637061435917246e+01,0.000000000000000000e+00,9.291345477104187012e-01
-1.253849657792786054e+01,2.787403643131261544e-01,-6.962256133556365967e-02
-1.250861427638679224e+01,2.988230154106909509e-01,-1.050831317901611328e+00
-1.250168792637021831e+01,6.926350016573817880e-02,2.148427963256835938e+00
-1.242063387745928793e+01,8.105404891093079822e-01,1.147997260093688965e+00
-1.228359986350064936e+01,1.370340139586384343e+00,-2.002396821975708008e+00
-1.216519624181231585e+01,1.184036216883342041e+00,-7.502545118331909180e-01
-1.201108050500323188e+01,1.541157368090830815e+00,1.330274224281311035e+00
-1.173844041236196034e+01,2.726400926412706927e+00,1.020242333412170410e+00
-1.132553102975599124e+01,4.129093826059687444e+00,-1.577838659286499023e+00
-1.081928708107126802e+01,5.062439486847227776e+00,-6.216116994619369507e-02
-1.016875145782427126e+01,6.505356232469974742e+00,-8.496527671813964844e-01
-9.444074491937563209e+00,7.246769658867086683e+00,2.108392238616943359e+00
-8.655425489740968814e+00,7.886490021965941288e+00,-2.094459533691406250e+00
-8.036326754275657791e+00,6.190987354653104902e+00,1.691366434097290039e+00
-7.515857493281667523e+00,5.204692609939903569e+00,-1.115705013275146484e+00
-7.171927577667260856e+00,3.439299156144065339e+00,-3.059781491756439209e-01
-6.954650721730349261e+00,2.172768559369114616e+00,-1.415262185037136078e-02
-6.831770366547002205e+00,1.228803551833470120e+00,-1.595163106918334961e+00
-6.835335610815040930e+00,-3.565244268038525455e-02,-1.769021630287170410e+00
-6.970638689113201281e+00,-1.353030782981605507e+00,-7.383619546890258789e-01
-7.222872374505370452e+00,-2.522336853921688160e+00,3.038684725761413574e-01
-7.586339329202591131e+00,-3.634669546972209897e+00,-1.106214761734008789e+00
-8.126561889170304198e+00,-5.402225599677138668e+00,1.395324468612670898e+00
-8.767765965454595189e+00,-6.412040762842901920e+00,9.809380769729614258e-01
-9.469231329899734817e+00,-7.014653644451397163e+00,-3.073215782642364502e-01
-1.017114613612275775e+01,-7.019148062230226692e+00,8.884286880493164062e-01
-1.074245580157408497e+01,-5.713096654513275752e+00,1.271347999572753906e+00
-1.112869067016147717e+01,-3.862348685873914000e+00,1.636237263679504395e+00
-1.131600675275656265e+01,-1.873160825950850317e+00,-1.447706222534179688e+00
-1.140382718024499198e+01,-8.782042748842919799e-01,-6.107860431075096130e-02
-1.135554412917507783e+01,4.828305106991481743e-01,8.162387609481811523e-01
-1.114253264733856419e+01,2.130114818365133722e+00,1.879805445671081543e+00
-1.072538288051312705e+01,4.171497668254366964e+00,1.906957387924194336e+00
-1.010771786768537339e+01,6.176650128277538343e+00,-2.032174348831176758e+00
-9.458209636141733156e+00,6.495082315436402354e+00,4.453965723514556885e-01
-8.792274214909422625e+00,6.659354212323107092e+00,-2.337751626968383789e+00
-8.287144049463794460e+00,5.051301654456289647e+00,1.168268322944641113e+00
-7.884627658021435614e+00,4.025163914423586675e+00,7.330809235572814941e-01
7.531996044198368878e+00,-5.218407028175002793e+00,6.886736154556274414e-01
7.174672414023211431e+00,-3.573236301751578914e+00,1.804536104202270508e+00
6.989257871495480501e+00,-1.854145425277306192e+00,1.465680003166198730e+00
6.945697522791043355e+00,-4.356034870443690199e-01,-1.459725975990295410e+00
6.950741007744591471e+00,5.043484953548471594e-02,1.126933217048645020e+00
7.082437594607568165e+00,1.316965868629766057e+00,-2.236590147018432617e+00
7.254166630407635097e+00,1.717290358000670869e+00,2.047002077102661133e+00
7.610606550057830155e+00,3.564399196501950584e+00,-1.481291890144348145e+00
8.067117919902832668e+00,4.565113698450031343e+00,2.171527624130249023e+00
8.734011431739981290e+00,6.668935118371482673e+00,-8.984636664390563965e-01
9.467519579691348497e+00,7.335081479513668512e+00,1.515789866447448730e+00
1.023789160823456790e+01,7.703720285432194004e+00,1.971374869346618652e+00
1.095612918951621673e+01,7.182375812816493621e+00,1.509064674377441406e+00
1.156760067683766913e+01,6.114714873214524005e+00,7.445273995399475098e-01
1.207345271026535194e+01,5.058520334276834340e+00,-3.509242832660675049e-01
1.249627969254181181e+01,4.228269822764598729e+00,-2.178297281265258789e+00
1.256637061435917246e+01,0.000000000000000000e+00,-2.145981550216674805e+00
1.250199116785267250e+01,-6.437944650650033740e-01,5.008293390274047852e-01
1.244317949235666987e+01,-5.881167549600215816e-01,1.691827178001403809e+00
1.241686710234755431e+01,-2.631239000911526071e-01,1.511608004570007324e+00
1.241363980947876122e+01,-3.227292868793696368e-02,-8.047870993614196777e-01
1.236345792858756809e+01,-5.018188089119273165e-01,-6.673537492752075195e-01
1.226317751435981407e+01,-1.002804142277549104e+00,2.327934980392456055e+00
1.218825061380507080e+01,-7.492690055474251487e-01,-8.872002959251403809e-01
1.203155639618158190e+01,-1.566942176234891404e+00,6.671767234802246094e-01
1.181889538166176656e+01,-2.126610145198151613e+00,-9.061670303344726562e-01
1.147771895247758955e+01,-3.411764291841763885e+00,9.561648368835449219e-01
1.103335061938171613e+01,-4.443683330958734246e+00,2.276905298233032227e+00
1.050872956634817434e+01,-5.246210530335411626e+00,-3.216201663017272949e-01
9.843461758503865511e+00,-6.652678078443095444e+00,-6.796136498451232910e-01
9.098817601016481404e+00,-7.446441574873841951e+00,7.789182066917419434e-01
8.427807730815329634e+00,-6.710098702011519478e+00,-2.050572633743286133e+00
7.823268231226837344e+00,-6.045394995884917577e+00,-2.025937795639038086e+00
7.309693473346137615e+00,-5.135747578807000835e+00,5.406928062438964844e-01
6.942204639602016947e+00,-3.674888337441206687e+00,8.462907373905181885e-02
6.670208420197756283e+00,-2.719962194042607528e+00,-3.482510447502136230e-01
6.445195665838780563e+00,-2.250127543589760304e+00,2.466936111450195312e-01
6.252454142714674035e+00,-1.927415231241064841e+00,4.855793416500091553e-01
6.070249275271669021e+00,-1.822048674430046589e+00,-1.656402945518493652e+00
5.807199354985133510e+00,-2.630499202865359099e+00,4.096100926399230957e-01
5.488494633510020648e+00,-3.187047214751133062e+00,-1.459234476089477539e+00
5.019921948776249643e+00,-4.685726847337712719e+00,-1.000144243240356445e+00
4.379788165746276718e+00,-6.401337830299731024e+00,6.895141005516052246e-01
3.620480751731734781e+00,-7.593074140145417594e+00,-1.996642470359802246e+00
2.734433090000352617e+00,-8.860476617313821635e+00,-2.183033704757690430e+00
1.844952965127129696e+00,-8.894801248732228771e+00,1.438176274299621582e+00
1.145684648999314215e+00,-6.992683161278154813e+00,7.037022113800048828e-01
6.062741061908241136e-01,-5.394105428084900566e+00,1.680921196937561035e+00
2.043808663200366582e-01,-4.018932398707874221e+00,2.539200782775878906e-01
-1.582449487882747752e-01,-3.626258151083114001e+00,9.589160233736038208e-02
-5.405439375357656839e-01,-3.822989887474909310e+00,1.079977869987487793e+00
-9.664870615451570668e-01,-4.259431240093913829e+00,9.095699787139892578e-01
-1.487299471588802602e+00,-5.208124100436455350e+00,-1.668439954519271851e-01
-2.161032188614009364e+00,-6.737327170252066288e+00,-2.322417736053466797e+00
-3.027037654319567395e+00,-8.660054657055578531e+00,2.165438175201416016e+00
-3.842627650718398957e+00,-8.155899963988316514e+00,-1.531438708305358887e+00
-4.604962695649954973e+00,-7.623350449315556610e+00,-8.068494200706481934e-01
-5.240080916486702378e+00,-6.351182208367475823e+00,-1.625511527061462402e+00
-5.792463392285981172e+00,-5.523824757992791490e+00,3.509199321269989014e-01
-6.261971712487308217e+00,-4.695083202013271340e+00,9.438664317131042480e-01
-6.698573714229170584e+00,-4.366020017418621002e+00,3.650042116641998291e-01
-7.183447584255001850e+00,-4.848738700258309109e+00,-1.177045226097106934e+00
-7.819701676962854009e+00,-6.362540927078517150e+00,1.930151820182800293e+00
-8.546054327758408675e+00,-7.263526507955542222e+00,-2.490730762481689453e+00
-9.460438595369348391e+00,-9.143842676109397161e+00,-7.247310876846313477e-01
-1.038847368126957704e+01,-9.280350859002279407e+00,-7.377465367317199707e-01
-1.121266122721661418e+01,-8.241875459470366039e+00,2.478810787200927734e+00
-1.181353253333948494e+01,-6.008713061228704966e+00,-2.109140396118164062e+00
-1.237331854677812970e+01,-5.597860134386454689e+00,-9.334432482719421387e-01
-1.256637061435917246e+01,0.000000000000000000e+00,-2.433791875839233398e+00
-1.256637061435917246e+01,0.000000000000000000e+00,1.744733333587646484e+00
-1.251402861435154357e+01,5.234200000762945226e-01,2.309303998947143555e+00
-1.238471680489808158e+01,1.293118094534625673e+00,2.052622795104980469e+00
-1.216711578434069096e+01,2.176010205573906120e+00,2.207418680191040039e+00
-1.182563522335166439e+01,3.414805609890273708e+00,-8.338976502418518066e-01
-1.140897141469448073e+01,4.166638086571837540e+00,1.377290725708007812e+00
-1.081487466466304959e+01,5.940967500314315863e+00,-8.264504671096801758e-01
-1.009979598907099607e+01,7.150786755920538695e+00,-3.446686267852783203e-01
-9.303465899592296751e+00,7.963300894786997652e+00,1.427241802215576172e+00
-8.484859755746567700e+00,8.186061438457294059e+00,1.095088481903076172e+00
-7.756983254276132556e+00,7.278765014704348779e+00,1.749057769775390625e+00
-7.128113550889587202e+00,6.288697033865454422e+00,-1.831123948097229004e+00
-6.668252697559370112e+00,4.598608533302167345e+00,9.933429211378097534e-02
-6.263134637004683647e+00,4.051180605546863767e+00,-1.653577208518981934e+00
-5.905831847880904206e+00,3.573027891237794407e+00,1.948374748229980469e+00
-5.435880510998027937e+00,4.699513368828764470e+00,-9.033849239349365234e-01
-4.882015742418287729e+00,5.538647685797400300e+00,1.024901032447814941e+00
-4.151218360640633875e+00,7.307973817776539427e+00,3.654934465885162354e-01
-3.284653660572731226e+00,8.665647000679028267e+00,1.679523825645446777e+00
-2.348916912698561621e+00,9.357367478741696942e+00,2.766301631927490234e-01
-1.514523575414009393e+00,8.343933372845521390e+00,1.520797461271286011e-01
-8.278335917316487214e-01,6.866899836823606051e+00,5.188332796096801758e-01
-2.381088172348095888e-01,5.897247744968391103e+00,-1.173778057098388672e+00
2.792536575048746306e-01,5.173624747396842416e+00,-7.583667039871215820e-01
8.136587879729455519e-01,5.344051304680709436e+00,-1.247444748878479004e+00
1.418058117993658884e+00,6.043993300207132435e+00,1.426026672124862671e-01
2.173176056867049510e+00,7.551179388733908482e+00,-6.677703857421875000e-01
3.029593967729515391e+00,8.564179108624660586e+00,-9.987888336181640625e-01
3.870243662787619776e+00,8.406496950581045624e+00,2.343898296356201172e+00
4.678808788383662431e+00,8.085651255960430106e+00,1.691546201705932617e+00
5.385779168904331726e+00,7.069703805206695613e+00,-2.069376230239868164e+00
5.911290565480085135e+00,5.255113965757536754e+00,-8.144152164459228516e-01
6.356285776177816871e+00,4.449952106977321797e+00,-1.358734726905822754e+00
6.770139266759667152e+00,4.138534905818507248e+00,1.895362615585327148e+00
7.309802488456194069e+00,5.396632216965270956e+00,1.125615954399108887e+00
8.009948081387475938e+00,7.001455929312820459e+00,1.160490393638610840e+00
8.890987229719875984e+00,8.810391483324007567e+00,-8.456845283508300781e-01
9.820332780370986114e+00,9.293455506511092423e+00,-1.580056071281433105e+00
1.064169057831049692e+01,8.213577979395108031e+00,-1.807561635971069336e+00
1.126565236631045508e+01,6.239617879999585170e+00,2.221604585647583008e+00
1.180982789641003272e+01,5.441755300995779088e+00,-1.011175736784934998e-01
1.224637566716286763e+01,4.365477707528341966e+00,2.033098459243774414e+00
1.256637061435917246e+01,0.000000000000000000e+00,-2.464600563049316406e+00
1.249243259746769219e+01,-7.393801689147958545e-01,1.847906708717346191e+00
1.246307299575773797e+01,-2.935960170995452478e-01,2.404226064682006836e+00
1.249046115297299231e+01,2.738815721525348912e-01,-2.336203098297119141e+00
1.243630556563499745e+01,-5.415558733799565871e-01,-9.901761412620544434e-01
1.233315236449392671e+01,-1.031532011410703831e+00,-1.376816987991333008e+00
1.215433763742528406e+01,-1.788147270686433865e+00,1.695141792297363281e+00
1.196684266003873631e+01,-1.874949773865478120e+00,9.125223159790039062e-01
1.172264791490529845e+01,-2.441947451334383068e+00,1.074408769607543945e+00
1.139934960940751552e+01,-3.232983054977836002e+00,3.686023354530334473e-01
1.095014163079540914e+01,-4.492079786121066398e+00,8.613871932029724121e-01
1.037827767476078300e+01,-5.718639560346268524e+00,-5.179744958877563477e-01
9.670273139158144460e+00,-7.080045356026379189e+00,-1.419003367424011230e+00
8.885367013229274136e+00,-7.849061259288698800e+00,2.387808084487915039e+00
8.251494448274158344e+00,-6.338725649551162356e+00,2.845627367496490479e-01
7.766364388094473270e+00,-4.851300601796848966e+00,1.991195917129516602e+00
7.491850205212918112e+00,-2.745141828815553353e+00,-7.235762663185596466e-03
7.358214069639643640e+00,-1.336361355732747835e+00,-8.965079784393310547e-01
7.330024178114848077e+00,-2.818989152479518534e-01,-1.452004671096801758e+00
7.388235617324204085e+00,5.821143920935558658e-01,-9.284234642982482910e-01
7.552442736192596762e+00,1.642071188683923655e+00,-1.185058116912841797e+00
7.823837577601669757e+00,2.713948414090733952e+00,6.425037384033203125e-01
8.263625201988803681e+00,4.397876243871346347e+00,-2.251252412796020508e+00
8.772145317369492545e+00,5.085201153806889529e+00,2.118541955947875977e+00
9.433788147711165806e+00,6.616428303416741485e+00,-1.155087649822235107e-01
1.008862927685796151e+01,6.548411291467960638e+00,-2.426004409790039062e+00
1.057630252924672831e+01,4.876732523887675086e+00,-7.147617936134338379e-01
1.090406206112155196e+01,3.277595318748230291e+00,-2.111235380172729492e+00
1.101812890136178247e+01,1.140668402402297499e+00,-2.819223888218402863e-02
1.098104592559270465e+01,-3.708297576907793047e-01,1.021458268165588379e+00
1.082473377701507289e+01,-1.563121485776324260e+00,5.233625173568725586e-01
1.053677510751786706e+01,-2.879586694972054772e+00,-2.464187145233154297e+00
1.004126695670672120e+01,-4.955081508111467414e+00,-2.449316978454589844e+00
9.387039712805819391e+00,-6.542272439009024332e+00,-1.883553862571716309e+00
8.683927928402606966e+00,-7.031117844032123365e+00,-1.267365574836730957e+00
8.046141820626143470e+00,-6.377861077764640285e+00,1.431690931320190430e+00
7.600458895176024576e+00,-4.456829254501185389e+00,-9.360840916633605957e-01
7.273235726558739067e+00,-3.272231686172858645e+00,1.144051551818847656e+00
7.106723820322868868e+00,-1.665119062358701107e+00,4.490239024162292480e-01
7.064215461283676945e+00,-4.250835903919172321e-01,1.032143831253051758e+00
7.158400651719725616e+00,9.418519043604896002e-01,-1.817528724670410156e+00
7.312929652786133161e+00,1.545290010664076119e+00,1.708413124084472656e+00
7.646822562393023048e+00,3.338929096068895763e+00,1.114636301994323730e+00
8.159945760351147825e+00,5.131231979581240665e+00,-5.701549649238586426e-01
8.797458488076037142e+00,6.375127277248898494e+00,1.381348848342895508e+00
9.562545648693159706e+00,7.650871606171216754e+00,-1.482279896736145020e+00
1.026026930627629241e+01,6.977236575831329723e+00,1.941815257072448730e+00
1.090291032024321538e+01,6.426410139669223476e+00,1.628775000572204590e+00
1.144313019631846728e+01,5.402198760752513707e+00,6.855518221855163574e-01
1.186706984133569165e+01,4.239396450172248088e+00,-2.408020973205566406e+00
1.212094462849576537e+01,2.538747871600733674e+00,-2.196862459182739258e+00
1.224352556642638490e+01,1.225809379306201263e+00,1.883795559406280518e-01
1.232380026260043948e+01,8.027469617405433855e-01,1.686877906322479248e-01
1.237286499059476874e+01,4.906472799432872733e-01,2.345051765441894531e+00
1.246328903764403861e+01,9.042404704926960690e-01,-4.317877888679504395e-01
1.252505331096910446e+01,6.176427332506619905e-01,-1.354168772697448730e+00
1.253981139597367545e+01,1.475808500457079786e-01,-8.070444464683532715e-01
1.252633045892139663e+01,-1.348093705227865202e-01,1.725353449583053589e-01
1.251206160640820997e+01,-1.426885251318646131e-01,-8.110136389732360840e-01
1.246536280406768959e+01,-4.669880234051976275e-01,2.386832475662231445e+00
1.247528365122174243e+01,9.920847154053169525e-02,-2.127810239791870117e+00
1.240769626967102823e+01,-6.758738155071484233e-01,2.461879700422286987e-01
1.232399588777890997e+01,-8.370038189211879143e-01,1.983158111572265625e+00
1.226404005796082508e+01,-5.995582981808548206e-01,1.619513273239135742e+00
1.220818761368104077e+01,-5.585244427978507398e-01,-2.919619381427764893e-01
1.209115789926940998e+01,-1.170297144116309251e+00,1.980408310890197754e+00
1.196526238290593902e+01,-1.258955163634715158e+00,-1.231463789939880371e+00
1.171796712099006221e+01,-2.472952619158760523e+00,-7.002416253089904785e-02
1.135677915288273887e+01,-3.611879681073228099e+00,-4.809844791889190674e-01
1.084192445908604086e+01,-5.148546937966989034e+00,9.704517722129821777e-01
1.020949502207157167e+01,-6.324294370144698973e+00,-1.638195276260375977e+00
9.423823264285317691e+00,-7.856717577862548652e+00,2.423087120056152344e+00
8.713344339824962148e+00,-7.104789244603560761e+00,2.059785842895507812e+00
8.164728473065537173e+00,-5.486158667594255967e+00,1.665977001190185547e+00
7.810553585132282706e+00,-3.541748879332541122e+00,-5.641039013862609863e-01
7.590376677393992466e+00,-2.201769077382905948e+00,-1.406748056411743164e+00
7.473476399155337901e+00,-1.169002782386549422e+00,-1.761195510625839233e-01
7.490914802487776747e+00,1.743840333243926732e-01,2.844391465187072754e-01
7.657055873765250986e+00,1.661410712774741505e+00,-2.318666696548461914e+00
7.900239426347118510e+00,2.431835525818675681e+00,-2.298223018646240234e+00
8.223586282574878226e+00,3.233468562277595382e+00,-1.014221072196960449e+00
8.655407001754065632e+00,4.318207191791879396e+00,-2.352820396423339844e+00
9.119700172737243093e+00,4.642931709831772835e+00,-2.365382194519042969e+00
9.556694104198607320e+00,4.369939314613644044e+00,-2.137612342834472656e+00
9.908518601838299134e+00,3.518244976396915025e+00,-2.156774759292602539e+00
1.012482030319450743e+01,2.163017013562079871e+00,-9.843109250068664551e-01
1.021430626090645610e+01,8.948595771194916004e-01,3.739284574985504150e-01
1.020823843602063619e+01,-6.067824885820671810e-02,1.272520184516906738e+00
-4.088839316323128692e+00,-1.009179876244397533e+01,1.145575404167175293e+00
-4.938852762730241430e+00,-8.500134464071123830e+00,-1.281228542327880859e+00
-5.678583052512050422e+00,-7.397302897818091694e+00,-2.495721340179443359e+00
-6.405700558893729024e+00,-7.271175063816789574e+00,-1.434882044792175293e+00
-7.192014522540044474e+00,-7.863139636463152726e+00,-2.526454925537109375e-01
-8.101866604270615113e+00,-9.098520817305709940e+00,3.985183238983154297e-01
-9.142448608174269964e+00,-1.040582003903654851e+01,2.360010385513305664e+00
-1.015089758456819169e+01,-1.008448976393922436e+01,-2.285829782485961914e+00
-1.112530014781520826e+01,-9.744025632470172837e+00,1.696303486824035645e+00
-1.189715078961879691e+01,-7.718506418035886441e+00,-2.396202087402343750e+00
-1.256637061435917246e+01,0.000000000000000000e+00,3.842634260654449463e-01
-1.255484271157720855e+01,1.152790278196340473e-01,-1.461581707000732422e+00
-1.256637061435917246e+01,0.000000000000000000e+00,-1.483757495880126953e-01
-1.256637061435917246e+01,0.000000000000000000e+00,2.379377126693725586e+00
-1.249498930055836077e+01,7.138131380081182975e-01,-5.512224435806274414e-01
-1.242966069733588519e+01,6.532860322247601159e-01,-3.873024880886077881e-01
-1.235570448369408147e+01,7.395621364180355872e-01,-1.825665593147277832e+00
-1.230537340399787283e+01,5.033107969620922439e-01,1.449176073074340820e+00
-1.217301141764738404e+01,1.323619863504882366e+00,1.146532654762268066e+00
-1.194915655525913323e+01,2.238548623882505861e+00,7.422201633453369141e-01
-1.161689182885529092e+01,3.322647264038417703e+00,-1.203942775726318359e+00
-1.119977534800395347e+01,4.171164808513380784e+00,1.900492668151855469e+00
-1.058001194006711820e+01,6.197634079368356197e+00,3.278901875019073486e-01
-9.815037700284648281e+00,7.649742397824697449e+00,1.468869805335998535e+00
-8.951227993402440575e+00,8.638097068822077063e+00,-1.899452567100524902e+00
-8.215400562158727382e+00,7.358274312437139031e+00,-1.688775658607482910e+00
-7.672753287446020920e+00,5.426472747127064622e+00,-1.631650567054748535e+00
-7.328226927608021413e+00,3.445263598379990633e+00,4.924545884132385254e-01
-7.099702323183680441e+00,2.285246044243410601e+00,4.907349944114685059e-01
-6.966456027864130540e+00,1.332462953195498123e+00,-2.159103006124496460e-01
-6.934786712354346072e+00,3.166931550978404619e-01,-4.564645886421203613e-01
-7.007875414736258968e+00,-7.308870238191285118e-01,-4.870261549949645996e-01
-7.194791154137496036e+00,-1.869157394012374018e+00,1.472316861152648926e+00
-7.455549885943019817e+00,-2.607587318055233805e+00,-2.479702532291412354e-01
-7.861216034229916438e+00,-4.056661482868965329e+00,-1.944179296493530273e+00
-8.473986637742848771e+00,-6.127706035129319773e+00,-1.996646523475646973e+00
-9.266899657542559510e+00,-7.929130197997110052e+00,9.983306527137756348e-01
-1.005106750659913217e+01,-7.841678490565720416e+00,-2.403843402862548828e+00
-1.081707677015359970e+01,-7.660092635544668127e+00,1.431431293487548828e+00
-1.139022833146078639e+01,-5.731515613071871407e+00,-5.441874861717224121e-01
-1.183951661728910310e+01,-4.492882858283158143e+00,3.439164459705352783e-01
-1.217746124219513959e+01,-3.379446249060370278e+00,-2.149988174438476562e+00
-1.252201475981277845e+01,-3.445535176176392156e+00,-1.332920393906533718e-03
-1.256637061435917246e+01,0.000000000000000000e+00,1.221763491630554199e-01
-1.256270532388428052e+01,3.665290474891717831e-02,1.851202249526977539e+00
-1.250296516945478942e+01,5.974015442949076604e-01,-2.208526611328125000e+00
-1.250015558845611530e+01,2.809580998674765517e-02,1.491423130035400391e+00
-1.244268674470107960e+01,5.746884375503612530e-01,-5.573420524597167969e-01
-1.238360525440212356e+01,5.908149029895549686e-01,-5.106436833739280701e-02
-1.229897050451841523e+01,8.463474988370758290e-01,5.572497248649597168e-01
-1.215823844120337860e+01,1.407320633150368927e+00,-1.219349503517150879e+00
-1.199497471756996703e+01,1.632637236334115727e+00,-2.156608104705810547e+00
-1.181577801882716727e+01,1.791966987428003311e+00,1.121829509735107422e+00
-1.150115318950847509e+01,3.146248293186922229e+00,-5.962843298912048340e-01
-1.107412662696549610e+01,4.270265625429791712e+00,1.323800921440124512e+00
-1.045912966380091014e+01,6.149969631645855195e+00,1.772975087165832520e+00
-9.663858758402879445e+00,7.952709053980308695e+00,-1.808328866958618164e+00
-8.889702081234851505e+00,7.741566771680269632e+00,-1.720967531204223633e+00
-8.245982847246061453e+00,6.437192339887909398e+00,-4.143512248992919922e-01
-7.755247263236304534e+00,4.907355840097565647e+00,9.752284735441207886e-02
-7.412327658622491100e+00,3.429196046138132559e+00,-3.657265603542327881e-01
-7.217015499527627220e+00,1.953121590948634800e+00,-1.660574197769165039e+00
-7.192692084003819097e+00,2.432341552380838934e-01,-2.032281160354614258e+00
-7.347790213043762897e+00,-1.550981290399439994e+00,2.395767450332641602e+00
-7.561739639452176753e+00,-2.139494264084141228e+00,2.464507669210433960e-01
-7.911293749234206807e+00,-3.495541097820304088e+00,2.349227428436279297e+00
-8.339076090366711824e+00,-4.277823411325051062e+00,-2.026831358671188354e-01
-8.904350214872192026e+00,-5.652741245054802022e+00,-8.709755539894104004e-01
-9.568645478394309123e+00,-6.642952635221164748e+00,8.139357566833496094e-01
-1.018502402253115591e+01,-6.163785441368464291e+00,2.657629922032356262e-02
-1.069539117525717664e+01,-5.103671527260211782e+00,2.109052658081054688e+00
-1.099766329282416777e+01,-3.022721175669914384e+00,-1.897969603538513184e+00
-1.120596800944021787e+01,-2.083047166160500119e+00,-7.639176249504089355e-01
-1.128987302610026511e+01,-8.390501666004777093e-01,-1.106116056442260742e+00
-1.126315894064933687e+01,2.671408545092817111e-01,1.184018611907958984e+00
-1.105634258908426659e+01,2.068163515650697892e+00,2.874285578727722168e-01
-1.069180070360422086e+01,3.645418854800449360e+00,1.299225926399230957e+00
-1.014624348806312604e+01,5.455572155410946422e+00,-1.721526265144348145e+00
-9.554895868829566652e+00,5.913476192335600956e+00,-1.112707257270812988e+00
-8.979240851943167456e+00,5.756550168863990180e+00,-1.997302055358886719e+00
-8.529873254519509729e+00,4.493675974236573722e+00,1.698234677314758301e+00
-8.147929140007802218e+00,3.819441145117067116e+00,1.772297739982604980e+00
-7.857528067778702052e+00,2.904010722291004321e+00,3.155718445777893066e-01
-7.708530100140489338e+00,1.489979676382127138e+00,-5.096356272697448730e-01
-7.723684279490616866e+00,-1.515417935012792761e-01,1.060742974281311035e+00
-7.855699202462003150e+00,-1.320149229713865724e+00,2.638407051563262939e-01
-8.129402638256726377e+00,-2.737034357947238483e+00,-4.259299635887145996e-01
-8.559409481139125475e+00,-4.300068428823997202e+00,-2.355827689170837402e-01
-9.109393919954328567e+00,-5.499844388152022034e+00,-1.045691132545471191e+00
-9.735626378377638446e+00,-6.262324584233099678e+00,1.794180274009704590e+00
-1.026027475573684100e+01,-5.246483773592022004e+00,-1.263063788414001465e+00
-1.070999662292675403e+01,-4.497218671899132936e+00,6.775776296854019165e-02
-1.101241172995132978e+01,-3.024151070245752582e+00,-1.218421578407287598e+00
-1.120049350096468999e+01,-1.880817710133605436e+00,1.720357894897460938e+00
-1.118953867579460493e+01,1.095482517008561363e-01,-1.209061503410339355e+00
-1.106770138865206476e+01,1.218372871425408510e+00,-1.529507398605346680e+00
-1.084250484011104199e+01,2.251965485410232670e+00,1.553871989250183105e+00
-1.042312156229198550e+01,4.193832778190573762e+00,-2.062004327774047852e+00
-9.940770332897525208e+00,4.823512293944598461e+00,-2.001116514205932617e+00
-9.445889913525844506e+00,4.948804193716809685e+00,-1.600597500801086426e-01
-8.954129370243581576e+00,4.917605432822623968e+00,1.076349020004272461e+00
-8.499573305914877253e+00,4.545560643287050340e+00,-1.072226047515869141e+00
-8.198359278431285091e+00,3.012140274835929166e+00,-1.771229028701782227e+00
-8.092378626228898142e+00,1.059806522023865938e+00,6.204538941383361816e-01
-8.113859964036311823e+00,-2.148133780741379173e-01,-1.173163294792175293e+00
-8.315434944167510167e+00,-2.015749801311983891e+00,1.143702507019042969e+00
-8.616405077722168571e+00,-3.009701335546583145e+00,-1.800383329391479492e+00
-9.078958448982547225e+00,-4.625533712603785652e+00,2.161513090133666992e+00
-9.526123935328255854e+00,-4.471654863457089846e+00,1.545476555824279785e+00
-9.910407742124684560e+00,-3.842838067964294613e+00,-3.441752195358276367e-01
-1.023384914127498035e+01,-3.234413991502962826e+00,-2.878776192665100098e-01
-1.045640957843786367e+01,-2.225604371628841172e+00,-1.255132675170898438e+00
-1.058723563926450772e+01,-1.308260608266440084e+00,2.334289312362670898e+00
-1.050997327446840046e+01,7.726236479610681940e-01,5.313040614128112793e-01
-1.028434438612185708e+01,2.256288883465426220e+00,-4.552989304065704346e-01
-9.959417410653562897e+00,3.249269754682937439e+00,-2.278762578964233398e+00
-9.627398468029188194e+00,3.320189426243746134e+00,2.093433380126953125e+00
-9.203387043233663078e+00,4.240114247955247606e+00,-2.642514407634735107e-01
-8.821513216598340534e+00,3.818738266353218336e+00,1.949128150939941406e+00
-8.467411262281640205e+00,3.541019543167011285e+00,-1.807930707931518555e+00
-8.291261306878462634e+00,1.761499554031774384e+00,4.839894175529479980e-01
-8.237006170134705485e+00,5.425513674375721518e-01,-1.804670572280883789e+00
-8.376184695063088270e+00,-1.391785249283828740e+00,2.389071226119995117e+00
-8.573281910227468217e+00,-1.970972151643801462e+00,1.938219666481018066e+00
-8.824481283577364721e+00,-2.511993733498961490e+00,7.103692889213562012e-01
-9.138349076158817752e+00,-3.138677925814521874e+00,2.284640073776245117e+00
-9.425115324585396692e+00,-2.867662484265795619e+00,2.106324434280395508e+00
-9.647780936666842777e+00,-2.226656120814452855e+00,2.115544825792312622e-01
-9.830258032752691832e+00,-1.824770960858486557e+00,1.299456119537353516e+00
-9.914035021425172900e+00,-8.377698867248087877e-01,9.532552361488342285e-01
-9.898467486264213022e+00,1.556753516095953360e-01,-2.326702356338500977e+00
-9.884321825493440627e+00,1.414566077077210327e-01,-1.804230332374572754e+00
-9.857814610729814575e+00,2.650721476362653539e-01,-1.119986772537231445e+00
-9.802042157742160811e+00,5.577245298765375336e-01,-1.654556751251220703e+00
-9.740816958506584911e+00,6.122519923557543375e-01,9.577385187149047852e-01
-9.604422652440746333e+00,1.363943060658383111e+00,-1.285914540290832520e+00
-9.480212966360678450e+00,1.242096860800687708e+00,-4.763606786727905273e-01
-9.362355737055530369e+00,1.178572293051479036e+00,-2.254278659820556641e-01
-9.260972169401473053e+00,1.013835676540566055e+00,7.627418637275695801e-01
-9.161471630263463339e+00,9.950053913801022443e-01,1.956964373588562012e+00
-9.042601813368888131e+00,1.188698168945759637e+00,1.976781487464904785e+00
-8.920726236403377030e+00,1.218755769655109678e+00,-9.415930509567260742e-01
-8.899910675141336824e+00,2.081556126204036072e-01,1.061224818229675293e+00
-8.922485539916701569e+00,-2.257486477536416736e-01,-2.231670856475830078e+00
-9.084158215642599288e+00,-1.616726757258981850e+00,1.540580034255981445e+00
-9.249239166664079193e+00,-1.650809510214801268e+00,-2.403224706649780273e+00
-9.512117417604594394e+00,-2.628782509405147572e+00,1.953450202941894531e+00
-9.702519258856160178e+00,-1.904018412515665837e+00,-1.210221648216247559e+00
-9.887528912874500975e+00,-1.850096540183400862e+00,-2.493046522140502930e+00
-1.007981322036692440e+01,-1.922843074924241558e+00,9.449903964996337891e-01
-1.015179288221665388e+01,-7.197966184972950376e-01,-2.110761880874633789e+00
-1.018718312204997822e+01,-3.539023983332376111e-01,7.511770129203796387e-01
-1.009633246103091331e+01,9.085066101906540403e-01,1.097055912017822266e+00
-9.879512121549382186e+00,2.168203394815317431e+00,-5.619322061538696289e-01
-9.614316683480550907e+00,2.651954380688319013e+00,-8.106933236122131348e-01
-9.345976746636944554e+00,2.683399368436062637e+00,-1.039191126823425293e+00
-9.121425516163807146e+00,2.245512304731374531e+00,-1.103159308433532715e+00
-8.975450906534760520e+00,1.459746096290465811e+00,2.005654275417327881e-01
-8.889051180448966250e+00,8.639972608579427060e-01,-7.101595401763916016e-01
-8.900785359401552910e+00,-1.173417895258656030e-01,-1.700756669044494629e+00
-9.038558189539253718e+00,-1.377728301377000530e+00,2.196786403656005859e+00
-9.166517509948640452e+00,-1.279593204093876224e+00,1.833226799964904785e+00
-9.277406010529833935e+00,-1.108885005811933944e+00,-2.375746726989746094e+00
-9.481260109390847290e+00,-2.038540988610133109e+00,-1.682317495346069336e+00
-9.726504352584449009e+00,-2.452442431936022516e+00,1.318277835845947266e+00
-9.886889170390713133e+00,-1.603848178062634133e+00,2.306397199630737305e+00
-9.910725087130066058e+00,-2.383591673935310240e-01,1.477527976036071777e+00
-9.820106749460723705e+00,9.061833766934268564e-01,-1.601067781448364258e+00
-9.720025554422436542e+00,1.000811950382869631e+00,6.053631007671356201e-02
-9.574782002764862909e+00,1.452435516575738328e+00,-9.434919953346252441e-01
-9.435862622260209776e+00,1.389193805046537777e+00,2.801172137260437012e-01
-9.287293818310686788e+00,1.485688039495233870e+00,-1.840205669403076172e+00
-9.214934605845474636e+00,7.235921246521175298e-01,-1.920364260673522949e+00
-9.231649402872179166e+00,-1.671479702670528589e-01,7.715612053871154785e-01
-9.253956752767200200e+00,-2.230734989502022869e-01,-1.666016697883605957e+00
-9.351676430853038013e+00,-9.771967808583723603e-01,1.319348514080047607e-01
-9.456100370398473842e+00,-1.044239395454354069e+00,-8.308642506599426270e-01
-9.580439372418211974e+00,-1.243390020197385093e+00,-5.928947329521179199e-01
-9.698937167248780966e+00,-1.184977948305688367e+00,1.385065555572509766e+00
-9.734916855997925111e+00,-3.597968874914373449e-01,-1.837330460548400879e+00
-9.780129883283882108e+00,-4.521302728595616993e-01,2.090769529342651367e+00
-9.710296137215511436e+00,6.983374606837036147e-01,-1.289521932601928711e+00
-9.637109347224701139e+00,7.318678999081085212e-01,-5.283632278442382812e-01
-9.548382089547093443e+00,8.872725767760838433e-01,2.184713125228881836e+00
-9.375886175055223148e+00,1.724959144918709164e+00,-4.843284785747528076e-01
-9.225768449089070344e+00,1.501177259661531149e+00,-6.377822756767272949e-01
-9.124889317921409670e+00,1.008791311676599634e+00,-3.281937241554260254e-01
-9.078470709063706678e+00,4.641860885770219269e-01,-1.591364502906799316e+00
-9.130846282681984505e+00,-5.237557361827862579e-01,-2.699634432792663574e-01
-9.234621259634440804e+00,-1.037749769524560328e+00,8.937549777328968048e-03
-9.366168701238013483e+00,-1.315474416035723237e+00,1.457030773162841797e+00
-9.462396933979436042e+00,-9.622823274142180416e-01,8.507636785507202148e-01
-9.527172056537612121e+00,-6.477512255817639009e-01,1.691283345222473145e+00
-9.525682063842616287e+00,1.489992694996500333e-02,-1.724406957626342773e+00
-9.560818805547601329e+00,-3.513674170498588545e-01,-1.256737947463989258e+00
-9.613209033592484687e+00,-5.239022804488375762e-01,1.489574909210205078e+00
-9.592657148171651826e+00,2.055188542083281611e-01,2.333472013473510742e+00
-9.477098998567946353e+00,1.155581496037049849e+00,8.891963362693786621e-01
-9.327367057874356604e+00,1.497319406935889718e+00,-1.223588347434997559e+00
-9.229380501802186387e+00,9.798655607217038321e-01,5.824430584907531738e-01
1.055074985232688611e+00,-1.146496040784331072e+01,-2.917733192443847656e-01
3.375581450090092694e-02,-1.021319170731787551e+01,-1.951095610857009888e-01
-9.852902749021459350e-01,-1.019046089403046729e+01,1.566975474357604980e+00
-2.079284842446902815e+00,-1.093994567544756968e+01,1.610115170478820801e+00
-3.252716178580143946e+00,-1.173431336133240954e+01,2.405412435531616211e+00
-4.333830602764451534e+00,-1.081114424184307410e+01,-6.755442619323730469e-01
-5.292588251889529083e+00,-9.587576491250773714e+00,-1.313526749610900879e+00
-6.162422416392498548e+00,-8.698341645029691094e+00,2.429198503494262695e+00
-6.938700686756027025e+00,-7.762782703635282999e+00,1.088007569313049316e+00
-7.771445077696376380e+00,-8.327443909403489997e+00,-1.644732713699340820e+00
-8.800522585619869886e+00,-1.029077507923493684e+01,1.572705149650573730e+00
-9.867005693654526510e+00,-1.066483108034656624e+01,-2.039053678512573242e+00
-1.092726786999433308e+01,-1.060262176339806217e+01,1.022602438926696777e+00
-1.180402098310095305e+01,-8.767531131066206740e+00,1.850141882896423340e-01
-1.256637061435917246e+01,0.000000000000000000e+00,-1.467278599739074707e+00
-1.256637061435917246e+01,0.000000000000000000e+00,-7.333712577819824219e-01
-1.256637061435917246e+01,0.000000000000000000e+00,-2.252352476119995117e+00
-1.256637061435917246e+01,0.000000000000000000e+00,5.474767684936523438e-01
-1.254994631130436211e+01,1.642430305480962749e-01,-2.327994853258132935e-01
-1.253809173102334462e+01,1.185458028101831207e-01,-9.752888679504394531e-01
-1.255129011336091516e+01,-1.319838233757008039e-01,1.787356615066528320e+00
-1.250856621268952118e+01,4.272390067139424374e-01,2.312301635742187500e+00
-1.238793560220756618e+01,1.206306104819543812e+00,-1.676180399954319000e-02
-1.224154628996824457e+01,1.463893122393209900e+00,6.845716238021850586e-01
-1.202718765167976578e+01,2.143586382884784758e+00,-8.588948249816894531e-01
-1.176222367803723046e+01,2.649639736425348335e+00,-1.764446377754211426e+00
-1.144295212073263102e+01,3.192715573045993516e+00,1.102119088172912598e+00
-1.095633712181246366e+01,4.866149989201669968e+00,2.264891386032104492e+00
-1.025335067813313294e+01,7.029864436793301863e+00,1.506476759910583496e+00
-9.396733783785025551e+00,8.566168943481066833e+00,1.636789560317993164e+00
-8.497789128478052234e+00,8.989446553069734946e+00,-4.692352414131164551e-01
-7.735590784033567147e+00,7.621983444444854428e+00,-7.867563962936401367e-01
-7.148231724306976176e+00,5.873590597265905267e+00,-1.830803394317626953e+00
-6.731727649212443154e+00,4.165040750945329329e+00,-7.356711030006408691e-01
-6.403591098720697872e+00,3.281365504917451936e+00,-6.113267540931701660e-01
-6.112796021118411360e+00,2.907950776022863337e+00,-1.250147104263305664e+00
-5.834942840279343734e+00,2.778531808390676261e+00,-1.478308886289596558e-01
-5.497350801008900945e+00,3.375920392704427897e+00,7.324194312095642090e-01
-5.032686666700607603e+00,4.646641343082932529e+00,-2.447128295898437500e+00
-4.500459113592589766e+00,5.322275531080180144e+00,1.008975625038146973e+00
-3.792914955314652392e+00,7.075441582779373739e+00,-9.684488773345947266e-01
-3.025611114931998635e+00,7.673038403826537568e+00,8.573696017265319824e-01
-2.252246351270572600e+00,7.733647636614258580e+00,-8.537569046020507812e-01
-1.623313409489897774e+00,6.289329417806747813e+00,-9.944185018539428711e-01
-1.175893015830244082e+00,4.474203936596535591e+00,5.501030683517456055e-01
-8.517668563181952646e-01,3.241261595120487726e+00,-2.113506078720092773e+00
-7.048850567350680718e-01,1.468817995831272150e+00,2.398061275482177734e+00
-5.836940067567050194e-01,1.211910499783630524e+00,-1.807086825370788574e+00
-5.997456480946145030e-01,-1.605164133790948355e-01,2.362592935562133789e+00
-6.295362258585945892e-01,-2.979057776398009727e-01,-2.442562818527221680e+00
-8.208298092950908620e-01,-1.912935834364962950e+00,-2.112947702407836914e+00
-1.184694696768551658e+00,-3.638648874734606409e+00,-1.155674979090690613e-01
-1.689892635990737357e+00,-5.051979392221856102e+00,6.098864674568176270e-01
-2.324215849361743746e+00,-6.343232133710064780e+00,3.149482607841491699e-02
-3.065094305774783034e+00,-7.408784564130391104e+00,1.247577905654907227e+00
-3.777786353392456054e+00,-7.126920476176731079e+00,7.439060211181640625e-01
-4.376902428418057767e+00,-5.991160750256014467e+00,2.232985258102416992e+00
-4.765594062290560373e+00,-3.886916338725026066e+00,2.369718551635742188e+00
-4.932240323189397202e+00,-1.666462608988366956e+00,-8.975260853767395020e-01
-4.978922945874185935e+00,-4.668262268478895471e-01,1.133600354194641113e+00
-4.846754069194349590e+00,1.321688766798364556e+00,2.283278703689575195e+00
-4.497835350378190711e+00,3.489187188161591457e+00,3.176562786102294922e-01
-3.993872970045500459e+00,5.039623803326899854e+00,-1.068737506866455078e+00
-3.410567088910583244e+00,5.833058811349171258e+00,-1.036361336708068848e+00
-2.820240532440288383e+00,5.903265564702945944e+00,1.407504439353942871e+00
-2.236837285552705890e+00,5.834032468875825828e+00,-1.966095328330993652e+00
-1.832108212123701563e+00,4.047290734290042380e+00,-1.807857871055603027e+00
-1.627736845010794520e+00,2.043713671129069542e+00,1.318096756935119629e+00
-1.534192588288017189e+00,9.354425672277724146e-01,1.310304403305053711e+00
-1.551519355930018662e+00,-1.732676764200158370e-01,2.079354673624038696e-01
-1.712528209990830552e+00,-1.610088540608118457e+00,6.475577354431152344e-01
-2.002123231264455239e+00,-2.895950212736245089e+00,-2.273648023605346680e+00
-2.495320678468844200e+00,-4.931974472043890501e+00,-3.537878394126892090e-01
-3.087984326551554748e+00,-5.926636480827106368e+00,-6.490389704704284668e-01
-3.706378550852346798e+00,-6.183942243007918727e+00,2.088288664817810059e-01
-4.236367480234362048e+00,-5.299889293820151615e+00,1.354613542556762695e+00
-4.590804273585516349e+00,-3.544367933511539448e+00,-1.827653765678405762e+00
-4.850114717441964984e+00,-2.593104438564482805e+00,-1.318618655204772949e+00
-4.999626170696760852e+00,-1.495114532547956454e+00,-1.151786565780639648e+00
-5.039388149231145420e+00,-3.976197853438423468e-01,4.605598449707031250e-01
-4.923162474340243122e+00,1.162256748909023640e+00,2.215550839900970459e-01
-4.653958417000321646e+00,2.692040573399214765e+00,1.657878398895263672e+00
-4.186081606827354307e+00,4.678768101729675166e+00,-1.011836901307106018e-01
-3.592943748339243903e+00,5.931378584881104032e+00,-2.275242090225219727e+00
-3.004415307220176246e+00,5.885284411190676579e+00,9.662809967994689941e-01
-2.409176150373005143e+00,5.952391568471710137e+00,-2.263878822326660156e+00
-1.983939336041758761e+00,4.252368143312462934e+00,7.729195356369018555e-01
-1.674170165412447231e+00,3.097691706293115299e+00,3.271759748458862305e-01
-1.504714275218508091e+00,1.694558901939391848e+00,1.261191964149475098e+00
-1.447603600120716649e+00,5.711067509779135243e-01,-5.023992061614990234e-01
-1.554599438440692483e+00,-1.069958383199757890e+00,-1.713038086891174316e+00
-1.862645756843149591e+00,-3.080463184024570200e+00,2.307499885559082031e+00
-2.244199947982511212e+00,-3.815541911393617536e+00,-9.821017980575561523e-01
-2.771328059803973787e+00,-5.271281118214624861e+00,-2.153479337692260742e+00
-3.415758483519603317e+00,-6.444304237156292636e+00,1.542260050773620605e+00
-3.971376211999177563e+00,-5.556177284795742466e+00,-1.632225155830383301e+00
-4.463626049571743692e+00,-4.922498375725663955e+00,5.351302623748779297e-01
-4.792962569350652124e+00,-3.293365197789086096e+00,4.791990295052528381e-02
-4.970360126860343009e+00,-1.773975575096910617e+00,1.863221406936645508e+00
-4.946292414347698951e+00,2.406771251264383515e-01,1.773459672927856445e+00
-4.723177752141554109e+00,2.231146622061448426e+00,-1.744974374771118164e+00
-4.403090394900186055e+00,3.200873572413684087e+00,1.492882072925567627e-01
-3.936602557288032767e+00,4.664878376121533776e+00,-1.144239902496337891e+00
-3.398760799217250828e+00,5.378417580707816725e+00,7.326672077178955078e-01
-2.802401122831697844e+00,5.963596763855530725e+00,1.687894344329833984e+00
-2.207102414408422142e+00,5.952987084232754356e+00,-3.769817054271697998e-01
-1.745543493505924193e+00,4.615589209024980377e+00,1.625000119209289551e+00
-1.384334824954360332e+00,3.612086685515638607e+00,7.753985524177551270e-01
-1.148347780249765027e+00,2.359870447045953057e+00,9.580271840095520020e-01
-1.021141048714758526e+00,1.272067315350064343e+00,5.276404619216918945e-01
-1.006392421488737199e+00,1.474862722602128251e-01,-1.427231073379516602e+00
-1.161241113677482062e+00,-1.548486921887448187e+00,1.247202515602111816e+00
-1.415803888565345670e+00,-2.545627748878635188e+00,6.048202514648437500e-01
-1.799660272304530073e+00,-3.838563837391844036e+00,1.296846628189086914e+00
-2.289548402275196182e+00,-4.898881299706662418e+00,7.423174977302551270e-01
-2.868591543798252541e+00,-5.790431415230563594e+00,-1.324736952781677246e+00
-3.526083056496513990e+00,-6.574915126982611824e+00,-2.412600278854370117e+00
-4.197717083889870970e+00,-6.716340273933566252e+00,-1.101273179054260254e+00
-4.769806262893491855e+00,-5.720891790036210622e+00,5.038652420043945312e-01
-5.175310405003966885e+00,-4.055041421104749411e+00,-1.289285540580749512e+00
-5.484063843705881069e+00,-3.087534387019142290e+00,-1.262272596359252930e+00
-5.722247640205146091e+00,-2.381837964992650658e+00,-1.596716165542602539e+00
-5.927821309167229380e+00,-2.055736689620830226e+00,5.602171421051025391e-01
-6.063781996310339650e+00,-1.359606871431102260e+00,-5.101687908172607422e-01
-6.181992773586688195e+00,-1.182107772763484332e+00,-2.636733055114746094e-01
-6.292606129506142842e+00,-1.106133559194547589e+00,-3.480383455753326416e-01
-6.414741898171279821e+00,-1.221357686651371566e+00,-1.023578047752380371e+00
-6.586895217151650606e+00,-1.721533189803711617e+00,6.694179028272628784e-02
-6.801383179048869465e+00,-2.144879618972191704e+00,2.131632089614868164e+00
-7.025576025944562986e+00,-2.241928468956938758e+00,-4.406020641326904297e-01
-7.363722074267976758e+00,-3.381460483234134617e+00,2.624984383583068848e-01
-7.825310332301493865e+00,-4.615882580335172847e+00,-5.363336205482482910e-02
-8.437061177380440924e+00,-6.117508450789463481e+00,-1.217329978942871094e+00
-9.208712322705173037e+00,-7.716511453247327346e+00,-1.710729837417602539e+00
-1.006152867124649397e+01,-8.528163485413216449e+00,-2.335026979446411133e+00
-1.089264947231820990e+01,-8.311208010717155759e+00,-2.265611648559570312e+00
-1.164003907311928820e+01,-7.473896008010780356e+00,2.033177137374877930e+00
-1.220427797761221811e+01,-5.642389044929295494e+00,-1.277609109878540039e+00
-1.256637061435917246e+01,0.000000000000000000e+00,-8.163611888885498047e-01
-1.256637061435917246e+01,0.000000000000000000e+00,-2.079885959625244141e+00
-1.256637061435917246e+01,0.000000000000000000e+00,5.740327835083007812e-01
-1.254914963085392365e+01,1.722098350524907950e-01,1.210176587104797363e+00
-1.249309199283571559e+01,5.605763801820758951e-01,8.101313114166259766e-01
-1.240191662972833520e+01,9.117536310738124650e-01,-7.196311354637145996e-01
-1.230804667073164360e+01,9.386995899669245969e-01,1.313533902168273926e+00
-1.213673323442510288e+01,1.713134363065407673e+00,-3.630138039588928223e-01
-1.191434297767497341e+01,2.223902567501290672e+00,4.741017818450927734e-01
-1.158737693884632769e+01,3.269660388286450114e+00,2.242568016052246094e+00
-1.106962429695657946e+01,5.177526418897478777e+00,6.864768266677856445e-01
-1.038324167559539823e+01,6.863826213611808669e+00,2.226445436477661133e+00
-9.509378412252026180e+00,8.738632633433722319e+00,1.646258592605590820e+00
-8.576074045417611202e+00,9.333043668344142674e+00,1.503722429275512695e+00
-7.713021575856836343e+00,8.630524695607745045e+00,-2.331343889236450195e+00
-7.071010815939811955e+00,6.420107599170241208e+00,-2.093312740325927734e+00
-6.600048633821794297e+00,4.709621821180180135e+00,-8.379637598991394043e-01
-6.202376387535224467e+00,3.976722462865701413e+00,1.484587788581848145e+00
-5.749251374297528194e+00,4.531250132376961837e+00,4.340095818042755127e-02
-5.219845160486047853e+00,5.294062138114804306e+00,-8.708012700080871582e-01
-4.587053675786865625e+00,6.327914846991826714e+00,2.384446382522583008e+00
-3.735803802949683838e+00,8.512498728371818757e+00,-4.520707726478576660e-01
-2.816691508706213654e+00,9.191122942434702736e+00,1.176580786705017090e+00
-1.912921393370433876e+00,9.037701153357796002e+00,-1.054458856582641602e+00
-1.184802932342092552e+00,7.281184610283412795e+00,-9.233722090721130371e-01
-6.255337275301017241e-01,5.592692048119908499e+00,2.254483699798583984e+00
-8.813732277745955912e-02,5.373964047526420984e+00,-2.038237094879150391e+00
3.732962915324746778e-01,4.614336143099341925e+00,-2.702667117118835449e-01
8.799406063325883043e-01,5.066443148001136265e+00,-3.549175858497619629e-01
1.490022615832270247e+00,6.100820094996818987e+00,1.860039710998535156e+00
2.303586507194955058e+00,8.135638913626848989e+00,2.354818582534790039e+00
3.296850886991336882e+00,9.932643797963816468e+00,7.542380690574645996e-01
4.286567330962160582e+00,9.897164439708237893e+00,-3.950872719287872314e-01
5.124857061092915167e+00,8.382897301307544069e+00,1.439866304397583008e+00
5.866407776584333433e+00,7.415507154914182664e+00,2.254308462142944336e+00
6.612640702819874150e+00,7.462329262355403614e+00,-1.504504323005676270e+00
7.360028964823685627e+00,7.473882620038112989e+00,-2.279346942901611328e+00
8.168864515118688274e+00,8.088355502950024700e+00,8.606653809547424316e-01
9.143718418852992968e+00,9.748539037343046942e+00,4.355805814266204834e-01
1.017032124408469684e+01,1.026602825231703697e+01,1.286872982978820801e+00
1.113069478962385794e+01,9.603735455391614551e+00,-1.422407984733581543e+00
1.189688220914430516e+01,7.661874195204468663e+00,2.152370452880859375e+00
1.256637061435917246e+01,0.000000000000000000e+00,-6.283260881900787354e-02
1.256448563609460223e+01,-1.884978264570328146e-02,-1.954256534576416016e+00
1.250369587015528694e+01,-6.078976593931482153e-01,1.949033617973327637e+00
1.249216442406715366e+01,-1.153144608813345129e-01,1.240253090858459473e+00
1.250675444920551449e+01,1.459002513836015202e-01,-1.463814020156860352e+00
1.246844915497563910e+01,-3.830529422987541954e-01,-1.062197327613830566e+00
1.238372809991379242e+01,-8.472105506184600676e-01,-2.181186914443969727e+00
1.220658128560889999e+01,-1.771468143048932520e+00,2.120808601379394531e+00
1.204077861095244728e+01,-1.658026746564525089e+00,1.718249797821044922e+00
1.185176205952424411e+01,-1.890165514282025949e+00,8.821994066238403320e-01
1.159148027161759131e+01,-2.602817879066529727e+00,-2.295411825180053711e+00
1.113897092226315522e+01,-4.525093493544362744e+00,-4.025016129016876221e-01
1.052728360636668015e+01,-6.116873158964740931e+00,-8.705024719238281250e-01
9.757465111402799707e+00,-7.698184949638811503e+00,2.158064365386962891e+00
9.005710400830814422e+00,-7.517547105719851075e+00,6.895899772644042969e-01
8.337934984990400977e+00,-6.677754158404137108e+00,-1.056632876396179199e+00
7.773238272249026970e+00,-5.646967127413741849e+00,-1.128559350967407227e+00
7.325890172922901122e+00,-4.473480993261255811e+00,-9.041351824998855591e-02
7.006737261637931091e+00,-3.191529112849697647e+00,1.176332592964172363e+00
6.823139419857978005e+00,-1.835978417799533524e+00,-1.831613063812255859e+00
4.190156025823961627e+00,5.675409101731830219e+00,-1.440452694892883301e+00
4.582774606471827994e+00,3.926185806478660112e+00,7.655526995658874512e-01
4.848440140820567734e+00,2.656655343487400955e+00,-6.663860678672790527e-01
4.944703200363502305e+00,9.626305954293477019e-01,-5.261508226394653320e-01
4.878922516341568816e+00,-6.578068402193391062e-01,-1.323941230773925781e+00
4.625696141144433504e+00,-2.532263751971350008e+00,2.246452093124389648e+00
4.291186328552151430e+00,-3.345098125922822518e+00,-1.803217530250549316e+00
3.766693836553887120e+00,-5.244924919982643097e+00,7.146882414817810059e-01
3.177438570436458942e+00,-5.892552661174281781e+00,2.442157983779907227e+00
2.657840073516931856e+00,-5.195984969195269088e+00,-1.180390864610671997e-01
2.206024864871995561e+00,-4.518152086449362059e+00,-3.434064090251922607e-01
1.866003326352512204e+00,-3.400215385194832241e+00,1.342717766761779785e+00
1.710794676271765846e+00,-1.552086500807462910e+00,1.584589719772338867e+00
1.752121777713995909e+00,4.132710144223012971e-01,-5.520723760128021240e-02
1.939209510782892831e+00,1.870877330688968776e+00,1.760240077972412109e+00
2.318478181301246277e+00,3.792686705183532681e+00,-7.516345977783203125e-01
2.784050063770450834e+00,4.655718824692044677e+00,-9.676814079284667969e-01
3.271690781785336899e+00,4.876407180148858878e+00,1.101092696189880371e+00
3.771441642205653810e+00,4.997508604203168225e+00,1.458155512809753418e+00
4.225084505948093927e+00,4.536428637424401167e+00,-1.032644987106323242e+00
4.513847356125785026e+00,2.887628501776913215e+00,9.760549068450927734e-01
4.683972274452423257e+00,1.701249183266386300e+00,2.239085435867309570e+00
4.770819940212970067e+00,8.684766576054656628e-01,1.880633115768432617e+00
4.764082046883781452e+00,-6.737893329188859859e-02,1.971162796020507812e+00
4.666699619475293659e+00,-9.738242740848768175e-01,-7.540980577468872070e-01
4.397142934210229726e+00,-2.695566852650640222e+00,-8.868217468261718750e-01
3.959182248449581554e+00,-4.379606857606481718e+00,1.245511293411254883e+00
3.450475891875928180e+00,-5.087063565736531956e+00,5.688785314559936523e-01
2.914762772800642665e+00,-5.357131190752854266e+00,-8.119374513626098633e-01
2.390032131233879920e+00,-5.247306415667627455e+00,1.457492113113403320e+00
2.013017406948809818e+00,-3.770147242850701019e+00,1.901920914649963379e+00
1.829761862273139972e+00,-1.832555446756698458e+00,-8.364893198013305664e-01
1.766959714895786737e+00,-6.280214737735330122e-01,2.025337457656860352e+00
1.912229334691645910e+00,1.452696197958591506e+00,1.592984318733215332e+00
2.246194046401623901e+00,3.339647117099779461e+00,2.544771134853363037e-01
2.703859930702654957e+00,4.576658843010312339e+00,1.853417754173278809e+00
3.279338407371658271e+00,5.754784766690031361e+00,-1.992617249488830566e+00
3.772715345428386602e+00,4.933769380567283314e+00,1.201657414436340332e+00
4.212154142251420375e+00,4.394387968230339503e+00,7.420650124549865723e-01
4.540916080513534681e+00,3.287619382621141284e+00,5.620920062065124512e-01
4.737754316758186590e+00,1.968382362446514655e+00,-5.093274712562561035e-01
4.768770466590898316e+00,3.101614983271130388e-01,-2.875822186470031738e-01
4.641304453662735696e+00,-1.274660129281628418e+00,4.527285397052764893e-01
4.378181511156154393e+00,-2.631229425065814809e+00,-4.164710938930511475e-01
3.961653218756083117e+00,-4.165282924000711873e+00,-3.462615013122558594e-01
3.426308594109829908e+00,-5.353446246462532976e+00,-6.505519747734069824e-01
2.830920718249458456e+00,-5.953878758603714516e+00,-4.734888374805450439e-01
2.268969112008773159e+00,-5.619516062406854751e+00,-2.583541274070739746e-01
1.815855441852420871e+00,-4.531136701563522884e+00,2.014937400817871094e+00
1.570067682413039067e+00,-2.457877594393818477e+00,2.141658365726470947e-01
1.481442221529958969e+00,-8.862546088308014269e-01,2.254842042922973633e+00
1.610129484918802589e+00,1.286872633888436646e+00,6.589680314064025879e-01
1.908083710118738896e+00,2.979542251999361735e+00,-9.550215601921081543e-01
2.318041798617972216e+00,4.099580884992332308e+00,-1.011000156402587891e+00
2.806474560737852286e+00,4.884327621198798042e+00,7.440952658653259277e-01
3.365096986900534937e+00,5.586224261626823839e+00,-6.825109720230102539e-01
3.868320994715942263e+00,5.032240078154072371e+00,1.232789084315299988e-01
4.274069480674863364e+00,4.057484859589212789e+00,-7.462549805641174316e-01
4.520393145249198774e+00,2.463236645743356767e+00,-1.765019059181213379e+00
4.565783464807461556e+00,4.539031955826238196e-01,-1.227281451225280762e+00
4.425828272998683310e+00,-1.399551918087782232e+00,-3.174155354499816895e-01
4.132887228769427601e+00,-2.929410442292560646e+00,6.326341629028320312e-01
3.734293692842145074e+00,-3.985935359272825718e+00,-1.026001811027526855e+00
3.222325374080084348e+00,-5.119683187620605480e+00,-3.565673530101776123e-01
2.689099182261028176e+00,-5.332261918190563499e+00,-2.371408462524414062e+00
2.151911827937835753e+00,-5.371873543231921566e+00,2.204705953598022461e+00
1.807854835529209225e+00,-3.440569924086265274e+00,9.874466061592102051e-01
1.640258358061290611e+00,-1.675964774679184810e+00,6.781259179115295410e-01
1.643146720007973682e+00,2.888361946683004611e-02,1.339721679687500000e+00
1.835825645029840469e+00,1.926789250218668537e+00,-3.191521167755126953e-01
2.163114693035740999e+00,3.272890480059003959e+00,-2.399812221527099609e+00
2.541874797036446587e+00,3.787601040007056330e+00,8.205804824829101562e-01
3.028777473382976648e+00,4.869026763465299723e+00,1.389544844627380371e+00
3.572792191189066102e+00,5.440147178060895428e+00,-2.186954498291015625e+00
3.986872103766220476e+00,4.140799125771541078e+00,1.084037303924560547e+00
4.320007411304708000e+00,3.331353075384874352e+00,-1.701081037521362305e+00
4.462510732881256104e+00,1.425033215765479033e+00,-2.020532369613647461e+00
4.398629192917836939e+00,-6.388153996341878749e-01,-2.654008865356445312e-01
4.184300288098731002e+00,-2.143289048191058033e+00,5.911152958869934082e-01
3.858782070309292322e+00,-3.255182177894384132e+00,-2.606723904609680176e-01
3.427829876792680697e+00,-4.309521935166115369e+00,-2.348544359207153320e+00
2.885362526360030433e+00,-5.424673504326500861e+00,1.519466042518615723e+00
2.428121894222178945e+00,-4.572406321378516658e+00,-1.577801629900932312e-02
2.069948933183137108e+00,-3.581729610390415708e+00,7.151703834533691406e-01
1.866003878865069687e+00,-2.039450543180674202e+00,4.081921577453613281e-01
1.818427691150593883e+00,-4.757618771447580386e-01,1.971447825431823730e+00
1.975562023710775383e+00,1.571343325601814556e+00,2.374116897583007812e+00
2.341327663962857741e+00,3.657656402520823136e+00,2.462582111358642578e+00
2.887504573499267480e+00,5.461769095364096493e+00,4.855175912380218506e-01
3.484312910911454342e+00,5.968083374121869511e+00,2.472392559051513672e+00
4.103095041524255748e+00,6.187821306128017618e+00,2.035164356231689453e+00
4.658067912488595752e+00,5.549728709643401814e+00,-1.972977280616760254e+00
5.002407800388862569e+00,3.443398879002666835e+00,8.662388324737548828e-01
5.227966059541501842e+00,2.255582591526395841e+00,1.701459646224975586e+00
5.373390181432552204e+00,1.454241218910506284e+00,-2.136947214603424072e-01
5.393560491951150837e+00,2.017031051859845547e-01,-1.934619784355163574e+00
5.239106365952552302e+00,-1.544541259985985127e+00,-1.081915736198425293e+00
4.922988846750975256e+00,-3.161175192015771795e+00,5.367341041564941406e-01
4.477235849629418674e+00,-4.457529971215568487e+00,-1.779210925102233887e+00
3.833571982569915271e+00,-6.436638670595032252e+00,1.012331008911132812e+00
3.126499664791032806e+00,-7.070723177788825531e+00,8.493703603744506836e-01
2.449293537143579780e+00,-6.772061276474531155e+00,-2.057203531265258789e+00
1.808149224347636252e+00,-6.411443127959433497e+00,7.898786664009094238e-01
1.338419273607188043e+00,-4.697299507404482100e+00,-1.127863883972167969e+00
9.822308557034704624e-01,-3.561884179037175358e+00,-2.018679618835449219e+00
6.913113054602414431e-01,-2.909195502432289970e+00,2.218090891838073730e-01
5.035509826092089414e-01,-1.877603228510325239e+00,2.010418653488159180e+00
4.490473188045124298e-01,-5.450366380469653382e-01,-1.771190047264099121e+00
4.066875892480151800e-01,-4.235972955649721650e-01,1.400086641311645508e+00
4.657929280020813856e-01,5.910533875406621673e-01,2.129140138626098633e+00
6.559648643811823998e-01,1.901719363791010586e+00,-1.853527128696441650e-02
9.364988483160369137e-01,2.805339839348544917e+00,2.068662166595458984e+00
1.399074327958364172e+00,4.625754796423271031e+00,-3.478527665138244629e-01
1.997620294263087182e+00,5.985459663047230983e+00,3.058705925941467285e-01
2.740089514181393682e+00,7.424692199183063224e+00,-9.425972700119018555e-01
3.510673766079633218e+00,7.705842518982393585e+00,1.836769104003906250e+00
4.279935552022318568e+00,7.692617859426852611e+00,2.379164218902587891e+00
4.982073441317472096e+00,7.021378892951535278e+00,1.276835560798645020e+00
5.575831731882547437e+00,5.937582905650753418e+00,2.327826976776123047e+00
6.140169875401698008e+00,5.643381435191504814e+00,-2.325371026992797852e+00
6.611674613008393209e+00,4.715047376066956453e+00,1.548232078552246094e+00
7.176603820536758604e+00,5.649292075283658399e+00,1.380735516548156738e+00
7.898143134374908669e+00,7.215393138381497096e+00,-4.695615172386169434e-01
8.753284740665447927e+00,8.551416062905396132e+00,2.483121395111083984e+00
9.773677920874892067e+00,1.020393180209443607e+01,-2.467011690139770508e+00
1.066571993292915366e+01,8.920420120542623010e+00,-1.076769113540649414e+00
1.138086931621213438e+01,7.151493832829803665e+00,3.273198306560516357e-01
1.196468970751964633e+01,5.838203913075123097e+00,-1.412317752838134766e+00
1.241948475696738896e+01,4.547950494477433381e+00,2.461372137069702148e+00
1.256637061435917246e+01,0.000000000000000000e+00,-4.053567349910736084e-01
1.255420991230944061e+01,-1.216070204973229985e-01,-1.726902961730957031e+00
1.248845454316506576e+01,-6.575536914437559721e-01,-1.113922476768493652e+00
1.237780317710135591e+01,-1.106513660637090890e+00,1.218530014157295227e-01
1.224302156733036462e+01,-1.347816097709912952e+00,-3.526188135147094727e-01
1.205040416428963290e+01,-1.926174030407325155e+00,2.138236284255981445e+00
1.184850534498364283e+01,-2.018988193059906511e+00,1.735089898109436035e+00
1.160059817887215061e+01,-2.479071661114929714e+00,-1.460005402565002441e+00
1.118626129584287554e+01,-4.143368830292741833e+00,-2.370405197143554688e-01
1.061877506950729000e+01,-5.674862263355850089e+00,1.476783752441406250e+00
9.957817747622870641e+00,-6.609573218844189135e+00,1.280436158180236816e+00
9.261033319782018935e+00,-6.967844278408520609e+00,5.275486111640930176e-01
8.606617787467364167e+00,-6.544155323146544134e+00,5.490126013755798340e-01
8.080119293419981474e+00,-5.264984940473826924e+00,-2.487790346145629883e+00
7.626747533056466466e+00,-4.533717603635150972e+00,-8.069592118263244629e-01
7.296671096517741262e+00,-3.300764365387247601e+00,1.643018007278442383e+00
7.144177527080378454e+00,-1.524935694373627415e+00,-1.375507116317749023e+00
7.064649657538929262e+00,-7.952786954144904774e-01,-9.163731336593627930e-01
7.063517131290511841e+00,-1.132526248417253800e-02,2.378919363021850586e+00
7.239282875321100263e+00,1.757657440305883778e+00,-1.998480916023254395e+00
7.477108976679017083e+00,2.378261013579168637e+00,-1.223264932632446289e+00
7.816996664926406879e+00,3.398876882473897076e+00,5.861794948577880859e-01
8.323347495053576850e+00,5.063508301271702372e+00,2.464137375354766846e-01
8.969349980076266604e+00,6.460024850226897541e+00,-8.532019853591918945e-01
9.653795404871704733e+00,6.844454247954389281e+00,-8.432760238647460938e-01
1.027683610287925120e+01,6.230406980075455792e+00,-3.450969755649566650e-01
1.077475919671179838e+01,4.979230938325477140e+00,1.009768724441528320e+00
1.115512369576597429e+01,3.803644990541758197e+00,-3.312737047672271729e-01
1.137631404458538498e+01,2.211903488194099321e+00,-9.796964526176452637e-01
1.142819143020801675e+01,5.187738562263228825e-01,8.396827578544616699e-01
1.136892292226686862e+01,-5.926850794114739696e-01,2.425393104553222656e+00
1.124292733259148136e+01,-1.259955896753869098e+00,-1.593521356582641602e+00
1.092406950491638185e+01,-3.188578276750987150e+00,-2.779866456985473633e-01
1.044821195803872627e+01,-4.758575468776561124e+00,9.114235639572143555e-01
9.873039655995881958e+00,-5.751723020428440414e+00,-4.658730030059814453e-01
9.220606736833744321e+00,-6.524329191621368373e+00,1.859086036682128906e+00
8.656317047695971212e+00,-5.642896891377736424e+00,1.349225163459777832e+00
8.238451405675267125e+00,-4.178656420207039979e+00,-2.897991836071014404e-01
7.952195000242189948e+00,-2.862564054330772656e+00,1.785713791847229004e+00
7.869645919212349128e+00,-8.254908102984077622e-01,1.384637951850891113e+00
7.978865221620010217e+00,1.092193024076611341e+00,-9.108412861824035645e-01
8.209263453662801524e+00,2.303982320427914843e+00,9.037797451019287109e-01
8.606716157429104896e+00,3.974527037663032836e+00,2.579821944236755371e-01
9.120189295673299057e+00,5.134731382441949599e+00,1.877614855766296387e+00
9.733435580066471360e+00,6.132462843931725693e+00,-1.991841077804565430e+00
1.023951989810760921e+01,5.060843180411374043e+00,5.208266898989677429e-02
1.063651615666236872e+01,3.969962585547590628e+00,1.884466290473937988e+00
1.094842118444796597e+01,3.119050277855969000e+00,8.789451122283935547e-01
1.113592557575701747e+01,1.875043913090512104e+00,1.169952899217605591e-01
1.117785227529973113e+01,4.192669954271399657e-01,1.758474707603454590e+00
1.112489243898071400e+01,-5.295983631901790556e-01,1.356341838836669922e+00
1.096403422922566762e+01,-1.608582097550468548e+00,2.089366197586059570e+00
1.071641418198881190e+01,-2.476200472368562444e+00,-2.184750795364379883e+00
1.025980138970121658e+01,-4.566127922875948819e+00,-1.085675239562988281e+00
9.660791343128561692e+00,-5.990100465726554191e+00,-1.641666889190673828e+00
8.979254060820457184e+00,-6.815372823081037090e+00,-1.084956765174865723e+00
8.331852292237027058e+00,-6.474017685834293268e+00,-1.592971444129943848e+00
7.771800015162768638e+00,-5.600522770742586864e+00,-2.317003726959228516e+00
7.293411531749393717e+00,-4.783884834133750985e+00,-3.467120230197906494e-01
6.933099674532238410e+00,-3.603118572171556178e+00,2.062555313110351562e+00
6.726513147193150743e+00,-2.065865273390874002e+00,-1.840610623359680176e+00
6.529670256199391787e+00,-1.968428909937588234e+00,-2.259523391723632812e+00
6.302231691322160323e+00,-2.274385648772311086e+00,-2.229244261980056763e-02
6.077663453751567246e+00,-2.245682375705934763e+00,2.017070055007934570e+00
5.883669313769857467e+00,-1.939941399817100232e+00,-1.115002393722534180e+00
5.598461209828133889e+00,-2.852081039417235786e+00,1.718542575836181641e+00
5.270796108997420681e+00,-3.276651008307128077e+00,2.118475198745727539e+00
4.880453237365466990e+00,-3.903428716319532477e+00,-9.090500473976135254e-01
4.316123330869389818e+00,-5.643299064960773492e+00,7.553552389144897461e-01
3.637770752319843925e+00,-6.783525785495458926e+00,-5.385268330574035645e-01
2.873887224804439811e+00,-7.638835275154038484e+00,2.013766467571258545e-01
